game_name,rank,meta_score,user_score,critic_url,4Players.de,Adventure Gamers,Android Central,App Trigger,Areajugones,Atomix,Attack of the Fanboy,AusGamers,BaziCenter,Buried Treasure,But Why Tho?,CD-Action,CGMagazine,COGconnected,Carole Quintaine,Checkpoint Gaming,Comicbook.com,Critical Hit,Cubed3,Cultured Vultures,DarkStation,DarkZero,Destructoid,Dexerto,Digital Chumps,Digital Spy,Digital Trends,Digitally Downloaded,DualShockers,EGM,Easy Allies,Edge Magazine,Eurogamer Italy,Everyeye.it,Finger Guns,Forbes,GAMES.CH,GAMINGbible,GMW3,GRYOnline.pl,Game Debate,Game Informer,Game Over Online,Game Rant,Game Revolution,Game World Navigator Magazine,GameByte,GameCrate,GameCritics,GameGrin,GameMAG,GameOver.gr,GameSkinny,GameSpace,GameSpew,GameSpot,GameStar,GameWatcher,Gameblog.fr,Gamepressure,Gamer Escape,Gamer.nl,Gamer.no,Gamers Heroes,Gamers' Temple,Gamersky,Games.cz,GamesBeat,GamesHub,GamesRadar+,Gaming Age,Gaming Nexus,GamingBolt,GamingTrend,Gfinity,God is a Geek,Guardian,Hardcore Gamer,Het Nieuwsblad,Hey Poor Player,Hobby Consolas,Hooked Gamers,IGN,IGN Adria,IGN France,IGN Italia,IGN Japan,IGN Portugal,IGN Spain,Impulsegamer,Inverse,JeuxActu,Jeuxvideo.com,KeenGamer,LEVEL (Czech Republic),Launcher (The Washington Post),LevelUp,M3,MGG Spain,MMORPG.com,Malditos Nerds,Meristation,Merlin'in KazanÄ± (Turkey),Metro GameCentral,Millenium,Multiplayer.it,NME,New Game Network,Noisy Pixel,PC Gamer,PC Games,PC Invasion,PCGamesN,PCMag,PLAY! Zine,PlaySense,Player 2,Power Unlimited,Press Start Australia,Quarter to Three,RPG Fan,RPG Site,RPGamer,Ragequit.gr,Riot Pixels,Road to VR,SECTOR.sk,Screen Rant,Shacknews,Shindig,Siliconera,Slant Magazine,Softpedia,SpazioGames,Stevivor,Telegraph,The Digital Fix,The Games Machine,The Indie Game Website,The Loadout,The Mako Reactor,The Overpowered Noobs,TheGamer,TheSixthAxis,TierraGamer,TrueGaming,Trusted Reviews,Twinfinite,UploadVR,VG247,VGC,Vandal,Vgames,Washington Post,Wccftech,We Got This Covered,WellPlayed,Windows Central,Worth Playing,XGN,ZTGD,null_404
Disco Elysium: The Final Cut,1.,97,8.2,/game/pc/disco-elysium-the-final-cut/critic-reviews,,,,,,,,,,,,,,,,,,,,,,,,,,,,,,,,,,,,,,,,,,90,,,,,,,,100,,,,,,100,,,,,,,,,,,,,,,,,,,,,,,,,,,100,,,,,,,,,,,100,,,,,,,,,,,,,,,,,,,,90,,,,,95,,,,,100,,,,,,100,,,,,,,,,,,,,,,,95,,,,,,,,,100,,,,,,,
Final Fantasy XIV: Endwalker,2.,92,9.5,/game/pc/final-fantasy-xiv-endwalker/critic-reviews,,,,,,,,,,,,,,,,,,,90,,,,,95,,,,,,,95,,,95,,,,,,,,93,,,,,,,,,,,,,,80,86,,,,90,,,,,,,100,100,,,,,100,,,,90,80,,,,90,,,,,,,,90,,90,,,,,,,95,,90,,,,,100,,100,89,,,90,,,,,,,,98,,,,,,,,,,80,,,,,,,,,,,,,,,,,,,,,92,,,,,,90,,,,
Forza Horizon 5,3.,91,6.9,/game/pc/forza-horizon-5/critic-reviews,,,,,,,,,,,,,,,,,,,,,,,,,,,,,,,,,,,,,,,,90,,,,,,81,,,,,,,,,,,90,90,,90,,,,85,,,,,,,,95,,,,,,90,100,,,,,,,,,,,,,,95,,,,95,,90,,,,,,,,,,,90,,100,90,90,,,,,,,,,,91,,,,,90,,,,,,,,,,,,,,,,,,,,,,,,,,95,,85,,,,,
Chicory: A Colorful Tale,4.,90,7.4,/game/pc/chicory-a-colorful-tale/critic-reviews,,100,,,,,,,,,,80,100,,,90,,,,,,,95,,,,,,,,,90,,,,,,,,,,88,,,,,,,,,,,,,,90,,,,,,,,,,,,,,,,,,,,,,,,,,,90,,90,,,,,,,,85,,,95,,,,,,80,,,,95,,,85,,90,,,,,,,,,,,,100,,,,,,,,90,,,90,,,,,85,,,,,90,,,,,,,,82,,,85,,,,,,,
Psychonauts 2,5.,89,7.0,/game/pc/psychonauts-2/critic-reviews,,,,,82,,,,,,,,80,,,90,,,,,,,80,,,,,,,,,,,,,,,,,,,,,,85,82,90,,,95,,,,,,,88,90,,,,,,,,,,,,,,,,100,,,,,,,,,80,,,88,,90,,,,,85,,,,,,89,,80,,90,,,92,100,81,,89,90,95,90,,,,100,,,,,,,,,,,90,90,,,80,,,,,,94,,,,,,,,85,90,,,100,,,,,95,,,,,,,
Streets of Rage 4: Mr. X Nightmare,6.,88,7.6,/game/pc/streets-of-rage-4-mr-x-nightmare/critic-reviews,,,,,,,,,,,,,,,,,,,,,,,,,90,,,,,,,,,,,,,,,,,,,,,,,,,,,,,,100,,,,,,,,,,95,,,,,,,,,85,,90,,,,70,,,,,,,,,,,,,80,,,,,,,,,,,,,,,,85,,,,,,,,,,,,,,,90,,,,100,,,,,,,,,,,,,,,,,85,,,,,,,,,,,,,,,,,
It Takes Two,7.,88,8.8,/game/pc/it-takes-two/critic-reviews,,,,,,,,,,,,,,,,,,,,,,,,,,,,,,,,80,,93,,,,,,80,,,,,,,,,,95,,,,,,90,87,,,,,,,,,95,,,,,,,,,,,,,,,,,90,,,,,90,,,,,90,,,,,,,,,92,,,95,,,,,80,90,95,,,,,,,,,,,,,,,,,90,,,,,83,,80,,96,,,,,,,,,,,,,,,,,,,,,,,,
Hitman 3,8.,87,7.4,/game/pc/hitman-3/critic-reviews,,,,,,,100,,,,,90,,,,,70,,,,,,90,,,,80,,80,,,,80,80,,,86,90,,90,90,90,,,85,,,80,,,90,,,,,90,84,90,90,,,,,,,85,,100,,90,,,,,,,,,,,,,90,,,80,,,,,,85,85,,,90,,,,90,96,87,85,,85,85,,,90,90,90,85,80,90,,,100,85,,,,,,90,80,,,90,90,,,70,,88,70,,90,90,,,,,80,,89,90,,,,100,80,,,,,,,,,,85,
Wildermyth,9.,87,7.9,/game/pc/wildermyth/critic-reviews,,,,,,,,,,,,,,85,,,,,,,,,,,,,,,,,,90,,,,,,,,85,,88,,,,,,,,,,,,,,,84,,,,,,,,,,80,,,,,,,85,90,,100,,,80,,,90,,,,,,,,,,,90,,,,,,,,,,90,,90,,,,90,,,,,,,,,,,75,80,70,,,,,80,,,,,,,,,,86,90,,,,,,,,,,,,,,,,,,,,,,,
Final Fantasy VII Remake Intergrade,10.,86,7.8,/game/pc/final-fantasy-vii-remake-intergrade/critic-reviews,,,,,,,,,,,,,,83,,,,,,,,,,,,,,,,,,,,,,,,,,,,,,,,,,,,,,,,,,,84,,,75,,,,,,,,,,,,,80,80,,,,,,,92,,,80,,,,,,,,,90,,,,,,,,,,,,,88,,,,88,,90,90,80,,,,,,,90,,,,,,,100,,,,,,,,,,90,,,,,90,,82,,,,,,,,,,,,,,,,,
Deathloop,11.,86,5.0,/game/pc/deathloop/critic-reviews,,,,,,,,,,,,,,,,80,,,,,,,,,,,,,,,,,,,,,,,,,,,70,,,74,100,,,100,,,,,,,85,80,80,70,,,,,,,,,,,,,,,,,,90,,,,97,100,,,,,90,,,,,80,,,,,,,90,,,,,75,,,80,,89,,90,100,,,,,,,,,,,82,77,,,,,80,,,,,,,,,,,,,,,,,,,,,,,,,,,,90,,,,
Mass Effect Legendary Edition,12.,86,5.7,/game/pc/mass-effect-legendary-edition/critic-reviews,,,,,,,,,,,90,80,,,,,,,,,,,90,,,,,,,,,,,,,,,,,,,,75,,,,,,,100,,,,,,,85,,,,,,,,,,,,,90,91,88,,,,,,,80,,,92,90,,,82,,,,,,80,80,,,,,,,90,,,,,85,85,,,,,90,,,90,,,,,,,,,,82,75,,,80,,,,,90,75,85,,,87,,,,,,,,,,,,,,,,,,,,,,92,,
Nioh 2: The Complete Edition,13.,86,6.9,/game/pc/nioh-2-the-complete-edition/critic-reviews,,,,,,,90,,85,,,,,85,,,,,,,,,,,,,,,,,,,80,,,,,,,,,,,,,,,,,60,,,,,90,,,90,,,100,,,,,,,,,,,,,,,,,,,80,,90,,,,,,,80,,,,85,,,,,,,89,,,,,,85,,,95,92,,75,,90,,,,,,,,,,86,77,,,,,,,,,,,,,85,,,90,,,90,,,,,,,,,,,95,,,90,85,,80,
Mini Motorways,14.,86,6.7,/game/pc/mini-motorways/critic-reviews,76,,,,,,,,,,90,80,,,,,,,,,,,,,,,,,,,,,,,,,,,,,,,,,,,,,,,,,,,,,,,,,,,,,,,90,,,,,,,,90,,,,,80,,,,,,,90,,,,,,,90,,,,,,,,,,,,,,,,,,80,,,90,,,,,,,,,,,,,,,80,,,70,,,,,,90,,,,,,,,,80,,100,,,,,,,90,,,,,
ENDER LILIES: Quietus of the Knights,15.,86,8.4,/game/pc/ender-lilies-quietus-of-the-knights/critic-reviews,,,,,90,,,,,,,90,,,,80,,,,,,,,,,,,,,,,,90,,,,,,,,,85,,,,,,,,70,70,,,90,70,,,,,,,,,,,,,,,,,,,,90,85,,90,,90,,,,,,90,90,,,,,,80,,,,,,,,,90,,,,,,,90,,80,85,,,,,83,,,,89,90,,87,,,,90,,,,,,87,,,,,,,,,,,,,,,,,,,,,,,,,,,,
F1 2021,16.,86,3.2,/game/pc/f1-2021/critic-reviews,84,,,,,85,,90,,,,90,85,,,,,,,,,,,,,,,,,,,,90,,,,,,,,90,,,,,,80,,,90,,,,,,,90,,90,,,,,,,,80,,,,,,,,,,,,,,,,80,,,92,,,,80,,,80,,,,,,,,70,,,,,89,80,,,91,90,85,80,,,,,,,,,,,,,,,,80,,,,,83,85,,,,,,,,,,,,,,,,,85,,,90,,,,94,85,,
Guilty Gear -Strive-,17.,85,7.9,/game/pc/guilty-gear--strive-/critic-reviews,,,,,,,,,,,,,,,,80,,,,,,90,,,,,,,,,,,,,,,,,,,,,,,,81,,,80,100,,,,,,80,,,,,,,,,,,,,,,,,,,,,,,,,,,90,,,,,,,,,,85,,,,,,,,,,,,,,,,,,,,,80,,,,,,,,,,87,,,,,,,,,,,,,,,,,,,,,88,,,,,,,,,,,,,80,,,,
Metro Exodus: Complete Edition,18.,85,8.4,/game/pc/metro-exodus-complete-edition/critic-reviews,,,,,,,80,,,,,,,85,,,,,,,,,,,,,,,,,,,,,,,,,,,,,,,,,,,,,,,80,,,,,,,,,,,,,,,,,,,,90,,,85,,,,,,,,,,,,,,,,85,80,,,,,,,,,,,,,80,,,95,,,,,,,,,,,,,,,,,,,,,,,,,,,,,92,,,,,,,,,,,,,,,,,,,,,,,,
Football Manager 2022,19.,85,7.0,/game/pc/football-manager-2022/critic-reviews,,,,,95,85,,,,,,,,,,,,,,,,,,90,,,,,,,,,70,82,,,,,,,,,,,80,,,,,,,,,,,,83,,80,,,,,,,82,70,,,,,,90,,90,95,,,80,,,,,80,,86,,90,,,,,75,,,,,,90,,,,,90,,85,80,,,85,80,,90,90,90,,,,,,,,,80,,,,,,,,,90,81,,80,,90,,,,,,80,85,,90,,,,,88,,,95,,,90,,90,,
Death's Door,20.,85,7.9,/game/pc/deaths-door/critic-reviews,,,,,,90,80,,95,,,70,,,,90,,,,,,,90,,90,,90,90,,,85,80,80,,,,,,,,,,,,,68,,,75,,,80,,,,80,90,,80,95,,80,80,90,,86,80,,100,,,,,90,80,,,90,,100,,90,90,,,85,,,80,,,,80,100,,,88,,80,,90,,,,,80,80,76,85,83,80,85,,,,,100,,,,85,,,,70,,,90,90,,,,85,,,,,88,,,,,,,72,90,,90,,,,78,,,,,90,,82,,,
Inscryption,21.,85,8.7,/game/pc/inscryption/critic-reviews,,,,,,,,,,,,,80,90,,90,,,,75,,,75,,,,,,,,,70,80,90,,,,,,,,90,,,,71,,,75,,,80,,,,80,,86,,,90,80,,,,86,100,,,,,100,,,,,,90,,90,,95,90,,,,100,,,,,,85,,,,,,95,,90,90,,80,85,90,,,90,69,90,75,,,,,100,,,,,,,,77,,,80,,,,80,90,85,,,,80,,,,,,,82,,,,,,,88,,,,,90,,,,100,
The Forgotten City,22.,84,8.1,/game/pc/the-forgotten-city/critic-reviews,,100,,,,,,80,90,,,80,,,,,,,,,,,,,,,,,,,,80,80,,,,,,,,,90,,,,,,,70,,,,,80,,90,82,,,,,,100,,,,80,,,,,,,,,,,70,,100,,,90,,,84,,,,,,,80,,,,,,,,,,,,80,78,,73,75,84,90,90,,,,,100,,,,,,,,78,,,,,,,70,,,80,,,,90,,,,,,,,,80,,,,,,,85,,100,,,,,
Tales of Arise,23.,84,8.4,/game/pc/tales-of-arise/critic-reviews,,,,,,,,,,,,,,,,,,,,,,,,80,,,,,,,,,,,,,,,,,,,,,,77,,,,100,,,,,,,80,,,,,,,,,,,,,,,,,,,,,,,80,,85,,,,,,,,,,,85,,,,,,,,,,85,,,,,,,,,90,90,80,,,,,,,,,,80,,,,,,,,,,,,,,,,,,,,,,,,,,,,,,,,,,90,,,85,
Atelier Ryza 2: Lost Legends & the Secret Fairy,24.,84,7.7,/game/pc/atelier-ryza-2-lost-legends-the-secret-fairy/critic-reviews,,,,,,,,,,,,,,,,,,,,,,,,,,,,,,,,,,,,,,,,,,,,,,,,,,90,,,90,,,,,,,,80,,,,,,,,,,,,,,,,,,,,,,,,,,,,,,,,,,,,,,,,,,,,,,,,,,,75,,,,,,,,,90,90,,,,,,,,,,,,,,,,,,,,,,,,,,80,,,,,,,80,,,,,,,
Everhood,25.,84,7.2,/game/pc/everhood/critic-reviews,,,,,,,,,,,,90,,,,,,,,,,,,,,,,,,,,,,78,,,,,,,,,,,,,,,,,,,,,,,,,,,,,,,,,,,,,,,,90,,,,90,,,,,,,,,,,,,,,,,,,,,,,,75,,,,,,,85,,,,,,,,,,,,,,,,,,,90,,,,,,,,,,90,,,,,,,,,,,,,,79,,,,,,,,,,
Shovel Knight Pocket Dungeon,26.,84,7.7,/game/pc/shovel-knight-pocket-dungeon/critic-reviews,,,,,,,,,,,,,85,,,,,,,,,,80,,,,,,,,,,80,,,,,,,,,,,,,,,,,,,,,,,,,,,,,,,85,,,,,,,,95,,,,95,,90,,80,80,,80,,,,,,,,,,,,,,,,,,,,,,,,90,,80,,,85,,,,,,,,,,,,,,,,90,90,,80,,,,,,,,,,,,,,,,,,,,,77,,,,,,,,,,
Griftlands,27.,84,7.5,/game/pc/griftlands/critic-reviews,,,,,,,,,,,,80,,,,,,,,,,,,,,,,,,,,80,80,,,,,,,,,,,,,,,,,,,,,,,,,,,,,,,,,,,,,,,,,,,,,,,,,,90,,,,,,,,,,,,,,,,,,,,,,,,,,,80,,,,,,,,,,,,,,,,,,90,,,,,,,,,,86,85,,,,,,,,,,,,,,,,,,,,,,,
Fuga: Melodies of Steel,28.,84,8.3,/game/pc/fuga-melodies-of-steel/critic-reviews,,,,,,,,,,,,,,,,,,,,85,,,,,,,,,,,,,,,,,,,,,,,,,,,,,,80,,80,,,,,,,,,100,,,,,,,,,,,,,,,,,,,90,,,,,,,80,,,,,,75,,,,,,,,,,,,,83,,,90,,,,,,,,,,,,70,90,,,,,,,,,,,,,,,,80,,,,,,80,,,,,,,,,,,,,,,90,,,
The Darkside Detective: A Fumble in the Dark,29.,84,8.1,/game/pc/the-darkside-detective-a-fumble-in-the-dark/critic-reviews,,90,,,,,,,,,,,,,,90,,,,,,,,,,,,,,,,,,,,,,,,,,,,,,,,,,85,,,,80,,,,,,,,,,,,,,,,,,,,,,,,,,,,,,,,,,,,,,,,,,,,,,,,,,,,80,,,,,,,,,,,,,,,80,,,85,,,,,,,,,,,,,,,80,,,,,,,,,,,,,,,,,,,,,,,
Unsighted,30.,84,7.7,/game/pc/unsighted/critic-reviews,,,,,,,,,,,,,,90,,,,,,,,,,,,,,,,,,,,,,,,,,,,,,,,,,,,,,,,,,,,,,,90,,,,,,,,,,,,,95,,80,,,,,,,,,,,,,,,,,,,,,,,,,,,,,,88,,,,,,70,,,,,,,,,88,80,,,,,,90,,,,,,,,,,,65,,,,,,,,,,,,,,,,,,,,,,,
Unpacking,31.,84,7.8,/game/pc/unpacking/critic-reviews,,,,,,,,,,,,,,86,,80,,,,,,,,,,,,,,,85,80,,90,,,,,,,,,,,,,,,70,,,,80,55,,,85,,90,,,,,,,,,,100,,,,,,,95,,80,,90,,,,,,,,,,,,,,,,,,,,,,,,,,85,80,,85,,,75,,,,,,,100,,,,,,,,,80,,,80,,,,80,,,,80,,,,,,,,,,,,,85,,,,,90,,,,,
Final Fantasy IV Pixel Remaster,32.,83,6.1,/game/pc/final-fantasy-iv-pixel-remaster/critic-reviews,,,,,,,,,,,,,90,,,,,,70,,,,,,,,,,,,,,,,,,,,,,,,,,,,,,,,,,,,,,,,,,,,,,,,,,,,,,,80,,,,90,,90,,,,,,,,,,,,,80,,,,,,,,,,78,,,,,,,,,,,,,,,,,,92,,,,,,,,,,80,,,,,,,,,,,,,,,,,,,,,,,,,,,,,,,
I Expect You To Die 2: The Spy And The Liar,33.,83,tbd,/game/pc/i-expect-you-to-die-2-the-spy-and-the-liar/critic-reviews,,,,,,,,,,,,,,88,,,,,,,,,,,,,,,,,,,,,,,,,80,,,,,,,,,,,90,,,,,,,,,,,,,,,,,,,,,,,,90,,,,,,90,,,80,,,,,,,,,,,,,,,,,,,,,,,,,,,,,80,,,,,,,,,,,,,,85,,90,,,,,,,,,,,,,,,70,,,,,,,,,,,,,,,,80,,,
Crash Bandicoot 4: It's About Time,34.,83,5.4,/game/pc/crash-bandicoot-4-its-about-time/critic-reviews,,,,,,,,,,,,,,,,,,,70,,,,,,,,,,,,,,,,,,,,,,90,,,,,,,,,,,,,,,,87,,,,,,,,,,,,,,,,,,,,,,,,,,,,,,,,,,,,80,,,,,,,,,,,,,90,,,,79,,80,,,,,,,,,,,,,,,,,,,,,,,,,,91,,,,,,,,,,,,,,,,,,,,,,,,
Little Nightmares II,35.,83,8.2,/game/pc/little-nightmares-ii/critic-reviews,,80,,,,88,,84,,,,85,,,,,,,,,,,85,,,,,,,,,70,,,,,,,,80,,,,,75,87,,70,,100,,,90,,,70,78,85,,,,,,,90,,,,,80,91,,,,,,,80,,,,,,,,,,90,,,,,70,90,,90,,,,,,86,85,,85,,,78,90,76,80,80,,,,,91,,,,,,,90,,,,,,,,,,,,,100,,,,,,90,,,,,,,,,,,90,,,,,86,,,
Kena: Bridge of Spirits,36.,83,8.0,/game/pc/kena-bridge-of-spirits/critic-reviews,,,,,,,,,,,90,,,,,,,,,,,,,,,,,,,,,,,,,,,,,,,,,,,,,,,,,,,90,,,87,,,,,,,,,87,,,,,,,,,,,,80,,,,,,,,,,,,,,,,,,,,,,95,,,75,,85,,,71,,65,90,80,,,,,,,,,,,,86,,,,,,,,,,,,,,,,,,,,,,,,,,,,,,,,,,,,,,
Trials of Fire,37.,83,6.9,/game/pc/trials-of-fire/critic-reviews,,,,,,,,,,,,,,,,,,80,,,,,,,80,,,,,,,80,,,,,,,,,,,,,,,,,,,,,,80,,,,,,,,,,,,,,,,,,90,,90,,80,,,,90,,,,,,,,,,,,,,,,,,,,,,,,,,,,,,85,,,,,,,,,,,,,,,,,,80,,,,,,,,,,,80,,,,80,90,,,,,,,,,,,80,,,,,,,
The Riftbreaker,38.,83,8.5,/game/pc/the-riftbreaker/critic-reviews,,,,,,,,,,,,,,,,80,,,,,,,,,,,,,,,,,,,,,,,,,,,,,,,,,,85,,,,,,,83,,,,,,,,,,,,,,,,,,,,,,,,,,80,,,,,,,,,,,,,,,,,,,,,,,85,,,,,90,,,,,,,,,,,,,,,,,90,,,,,,,,,,87,,,,,,,,,,,,,,,,,72,,,,,,,
Shadow Tactics: Blades of the Shogun - Aiko's Choice,39.,83,8.4,/game/pc/shadow-tactics-blades-of-the-shogun---aikos-choice/critic-reviews,,,,,,,,,,,,,,82,,,,,,,,,,,,,,,,,,,,,,,,,,,,,,,,,,,,,,,,,,,86,,,,,,,,,,70,,,,,,,90,,,,,,,,,90,,,,,,,,,,,,,,,,,,,,,,75,,60,,,,80,,,,,,,,,,,,,,,,95,,,80,,,85,,,,,80,,,,,,,,,,,,,,,,,75,,95,,,,,
Sunlight,40.,83,4.7,/game/pc/sunlight/critic-reviews,,,,,,,,,,,,,,,,,,,,,,,,,,,,,80,,,,,,90,,,,,,,,,,,,,,,,,,,,,,,,,,,,70,,,,,,,,,,,,,,,,,,,,,,,,,,,,,,,80,,,,,,,,,,,,,,,,,,,,,,,,,,,,,,,,,,80,,90,,,,,,,,,90,,,,,,,,,,,,,,,,,,,,,,,
Pathfinder: Wrath of the Righteous,41.,83,7.7,/game/pc/pathfinder-wrath-of-the-righteous/critic-reviews,,,,,,,,,,,,85,,85,,80,,,70,,,,,,,,,,,,,,80,,,,,,,,,,,80,,89,,,,,,,,95,,,87,,,,,,,85,,88,90,,,,,,80,80,,,,,,,,,80,,80,87,,90,,88,,,,,,,,,,75,,,,,85,82,,,,76,,85,,,,,,,,,,,,,82,,,80,80,,,,,80,,,,,,,,,90,,,,,,,,,,,,80,,,,90,,,
The Great Ace Attorney Chronicles,42.,83,6.4,/game/pc/the-great-ace-attorney-chronicles/critic-reviews,,100,,,,,,,,,,,,,,,,,,,,,,,,,,,,,,,,,,,,,,,,,,,,,,,,,,,,,,80,,,,,,,,,,,,,,,,,,,,,,,,,,,,,80,,,,,,,,80,,,,90,,,,,,,,,,,,,73,80,80,,,,,,,,,90,90,,,,,,,,80,,,,,,,,,,,,,,,,,,,,,,,,,,,,,,,,
Resident Evil Village,43.,83,8.4,/game/pc/resident-evil-village/critic-reviews,,,,,88,,,,,,,,90,,,,,,,,,,,,,,,,,,,,,,,,,,,,95,,,,,78,,,,90,,,80,,,90,88,,,,,,,,,,,,,,,,,,,,,,,,,,,,,,,,,,,,80,,,,,,,83,,,,,85,92,,,,85,80,85,80,80,,,,,,40,,,,87,68,,,,,,,,,,,80,,,,,,,,,,,90,,,,,,,,,,,90,,,,
Demeo,44.,83,8.2,/game/pc/demeo/critic-reviews,,,,,,,,,,,,,,,,,,,,,,,,,,,,,,,,,,,,,,,80,,,,,,,,,,,,,,,80,,,,,,,,,,,,,,,,,,,,,,,,,,,,,,,,,,,,,,,,,,,,,,,,,,,,,,,,,,,,,,,,,,,,,,,,70,,,,,,,,,,,,81,,,,,100,,,,,,100,,,80,,,,,,,70,,,
Chivalry 2,45.,82,5.0,/game/pc/chivalry-2/critic-reviews,83,,,,,,,,,,,90,,,,80,,,80,,,,,,,,,,,,,,,,,,,,,,,,,80,,81,,,,,,,90,,,,83,,70,80,80,,,,,,,,,,,88,,90,,85,,70,,,,,90,,,,,80,,,90,,80,,,,,,,80,85,83,,,80,80,60,,,91,70,80,80,,90,,,,,,,,,,,,,80,90,,,,,80,,,,88,80,,,,,,,,,,,,,80,,,,,,90,83,,,
Kaze and the Wild Masks,46.,82,7.8,/game/pc/kaze-and-the-wild-masks/critic-reviews,,,,,,,,,,,,,,,,,,,,,,,,,,,,,,,,,80,,,,,,,,,,,80,,,,,,,,80,,,,,,,,,,,,,,,,,,,,,,,,,,,,,,,,,,,,,,,,,,,,,,,,,,82,,,,83,,,,,,85,,,,,,,,,,,,79,,,,,,,,,,,,,,90,,,,,,,,,,,,,,,,,,,,,,,,
Rainbow Billy: The Curse of the Leviathan,47.,82,8.4,/game/pc/rainbow-billy-the-curse-of-the-leviathan/critic-reviews,,,,,,,,,,,,,,,,,,,,85,,,,,80,,,,,,,,,,,,,,,,,,,,,,,,,,,,,,,,,,,,,,,,,,,,,,,,,,,80,,,,,,,,,,,,,,96,,,,,,,,,,,,,,,,,,,80,,,90,,,,,,,,,,,,,,,,,,,,,,,,,,,,,,,,,,,,,,,,,,,,,65,,,,,
Yakuza 6: The Song of Life,48.,82,8.5,/game/pc/yakuza-6-the-song-of-life/critic-reviews,,,,,,,,,,,,,,,,,,,,,,,,,,,,,,,,,,,,,,,,,,,,,,,,,,,,,,,,,85,,,,,,,,,,,,,,91,,,,,,,,,,,,,,,,,,,,,,90,,,,,,,,,,,,,80,,,70,79,,,,80,,,,,,,81,,,,,,,,,,,,,,,,,85,,,,,,,,,,,,,,,,,,,,,,,,
Eastward,49.,82,7.3,/game/pc/eastward/critic-reviews,,,,,,,,,,,,,,,,90,,,,,,,,,,,,,90,,,70,80,90,,,,90,,,,85,,,,,,,,,,,,90,,,72,,90,,,,50,,,85,,,,80,,,,,,80,,,,90,,,80,,,,70,,,,,,90,,,,,,,,,85,,,90,88,60,,95,78,80,,,,90,,100,,,,,80,,82,,,,100,,,,,,75,,,,,80,,,,90,,,,,80,,,,78,,,,,,,,,,
The Ramp,50.,82,tbd,/game/pc/the-ramp/critic-reviews,,,,,,,,,,,,,,,,,,,,,,,,,,,,,,,,,,,,,,,,,,,,,,,,,,,,,,,,,,,,,,,,,,,,,,,,,,,,,,,,90,,,,,,,,,,,,,,100,,,,,,,,75,,,,88,,,,,,,,,,,,,,,,,,,,,,80,70,,,,,,,,,,,,,,,80,,,,,,,,80,,,,,,,,,,
Subnautica: Below Zero,51.,82,6.3,/game/pc/subnautica-below-zero/critic-reviews,84,,,60,,,80,,,,,90,,,,70,,85,,85,,,85,,,,,,,,,,,,,,,,,,,,,90,,,,,,,,,,,,,85,,,,,,,,,,70,,,,,,,,,,,,,,,,90,,70,,,,,,,,80,,,,,,,,,84,,,70,,,74,,86,90,85,,,,,,85,85,,,,,,,,,,,,,,,,,,,90,70,,,,,80,84,,,,,,,,,,75,,,,,,,
Outer Wilds: Echoes of the Eye,52.,82,8.7,/game/pc/outer-wilds-echoes-of-the-eye/critic-reviews,,,,,,,,,,,,,,81,,,,,,,,,,,,,,,,,,,90,,,,,,,,,,,,,,,,,,,,,,,80,,,,,,,,,,,70,,,,,,,90,,,,,,,,,80,,,,,,,,,,80,90,,,,,,,,,,,,,,,,,,,,,,,,,,,,,,,,,,,,,,,,,,,,,,,,,,,,,,,,,,,,,,,,,,,,
Archvale,53.,82,7.7,/game/pc/archvale/critic-reviews,,,,,,,,,,,,,,,,,,,,,,,,,,,,,,,,,,,,,,,,,,,,,,,,,,95,,,,,,,,,,,,,,,,,,,,,,,,,,85,,80,,,,,,,,,,,,,,,,,,,,,,,,,,,,,100,,75,,,90,,,,,,,,,70,,,,,,,60,,,,,,,,,,,,,,,,,,,,,,,,,,,,,,,,,,
Final Fantasy V Pixel Remaster,54.,82,8.4,/game/pc/final-fantasy-v-pixel-remaster/critic-reviews,,,,,,,,,,,,,90,80,,,,,,,,,,,,,,,,,,,,,,,,,,,,,,,,,,,,,,,,,,,,,,,90,,,,,,,,,,91,,,80,80,,,80,,,,,,80,,,,,,,,,80,,,,,,,,,,80,,,,,,75,,,,,,,,,,,,90,,,,,,,,,,70,,,,,,,,,,,,,,,,,,,,,80,,,,,,,,,,
Tainted Grail: Conquest,55.,82,7.3,/game/pc/tainted-grail-conquest/critic-reviews,,,,,,,,,,,90,85,,68,,,,,,,,90,,,,,,,,,,,,,,,,,,,,,,80,,,,,,,,,,,,,,,,,,,,,,,,,,,,,,,,,,,,,,,,,,,,,,,,,,,,,,,,,,,,,,,,,,,,75,,,,,,,,,75,,80,,,,,,,,,,,,,,,,85,,,,,90,,,,,,,,,,,,,,,,,,
Quake Remastered,56.,82,9.0,/game/pc/quake-remastered/critic-reviews,,,,,,,,,,,,80,,,,,,,90,,,,90,,,,,,,,,,,80,,,,,,,,,,,,,,,,,,,,,,,,,,,,,,,,,80,,,,,,,,,,,,,,,64,,,,,,,,,,,,,,,,,,,,,,,,,,,,,80,,,,,,,,,,,,,,,,,,,,,,,,,,,,,,,,,,,,,,,,,,,,,,,,,,,
Monster Hunter Stories 2: Wings of Ruin,57.,82,7.8,/game/pc/monster-hunter-stories-2-wings-of-ruin/critic-reviews,,,,,,,90,,80,,,,,,,,,,,,,,,,,,,,,,,,80,,,,,,,,,,,,,,,,,90,,,,,,,75,75,,,,,,,,,,,,,,,,,80,,,,,,,,80,,,85,,,,,,,,,,,,,,,,,,,80,,,,,80,90,80,80,,,,,,85,,,80,,,,,,,,,,,,,80,,,,,,,,,,,80,,,,80,,,,,80,,90,90,,,,
Loop Hero,58.,82,8.1,/game/pc/loop-hero/critic-reviews,68,,,,,,70,,,,,85,,88,,80,,,,,,,,,86,,,,,,,50,80,82,,,,60,,,,85,85,90,,,,,80,95,,,,,80,80,85,,80,,90,80,,80,88,,70,,,,,90,,,,90,,90,80,80,,98,80,,,80,,,80,90,,,75,,80,,,,86,,95,82,,,,88,,79,85,83,80,90,80,,,,,,,,,,,91,,,,80,90,90,,80,90,,,,,90,,,,,90,80,73,,,90,,,,85,,,,,,,,,,
Cyber Shadow,59.,82,7.1,/game/pc/cyber-shadow/critic-reviews,81,,,,,80,,,,,,95,,,,,,,,,,,,,,,,,,,,,,,,,,,,,,,,,,,,,,,,,80,,,70,,,80,,,,,,,,,,,,,,,,,,,,,80,83,,80,,,,,,,,,,75,90,,,,,,,,79,,,,72,,,90,75,,95,,,,,,,,,,,,89,,,,80,,,,,,,,,100,,,,,,,,,,,,,,,,,,,,,,,,,
Doki Doki Literature Club Plus!,60.,81,8.8,/game/pc/doki-doki-literature-club-plus!/critic-reviews,,,,,,,,,,,,,,,,70,,,,,,,,,85,,,,,,,,,,,,,,,,,,,,,,,,,,,,,,,,,,,,,,,,,,,,,,,,,85,,80,,,,,,,,,,,,,,,,,,,,,,,,,,,,,,,,,65,,80,,,,,,,,,,88,,,,,,,80,,,,,,,,,,,,,,,,,,,,,,,,,,,,,,100,,,,
Star Wars Pinball VR,61.,81,tbd,/game/pc/star-wars-pinball-vr/critic-reviews,,,,,,,,,,,,,,,,,,,,,,,,,,,,,,,,,,72,,,,,80,,,,,,,,,,,,,,,95,,,,,,,,,,,,,,,,,,,,65,90,,,80,,,,,,,,80,,,,,,,,,,,,,,,,,,,,,,,90,,,80,,,,,,,,,,,,,,,,,,,,,,,,,,85,,,,,,80,,,,,80,,,,,,,,,,,,,
GRIME,62.,81,8.0,/game/pc/grime/critic-reviews,,,,,,,,,,,,,,82,,80,,,,,,,,,,,,,,,,,80,80,80,,,,,,,,,,,,,,55,,,,90,80,,,,,,,,,,,,,,,,,,,,90,,95,,80,,70,,,90,,,92,,,,,,,,,,,,,,,,,,,,80,100,,75,,,85,,,,,,,,,,,,89,,,,,80,,,70,,78,,,,,60,,,,,80,,75,,,,,,,85,,,,80,,,,,
Life is Strange: True Colors,63.,81,6.7,/game/pc/life-is-strange-true-colors/critic-reviews,,80,,,,,80,,,,,,95,92,,,,,,,,,,,,90,,,,,,,,,,,,,,,,,,,,85,,,,85,,,,,,70,82,,,,,,,,,,,80,,,,,,,,90,,,,,,,,,80,,,,,,,,70,,,,,,,,,,82,,85,,,83,,86,70,90,80,,,,100,,,,,,,,67,,,,,,,,,,,,,,,,,,,,,,,,,80,,75,,,,,,80,80,,,
The Sims 4: Cottage Living,64.,81,5.3,/game/pc/the-sims-4-cottage-living/critic-reviews,,,,,,,,,,,,90,,85,,,,,,,,,,75,,70,,,,,,,,,,,83,,,,,,,,,,,,,75,,,,,,,79,,,,,,,,,,,,,,,,,100,,,,,,,,,,,,75,,80,,,,,,85,,,,,,,,,,,,,,,,,,,,,,,,,,,,,,,,,,90,,,,,,,,,,,,,,,,70,,,,,,,,,,,,,,,,,,
Boomerang X,65.,81,7.3,/game/pc/boomerang-x/critic-reviews,,,,,,,,,,,,80,,72,,70,,,,,,80,90,,90,,,,,,,80,,,,,,,,,,,,,,,,,85,,,,,,,,,,,,,90,,,,,,,,,,,,,,,,80,,80,,70,80,,,,,,,,,,75,90,,,,,,,,83,,,,75,100,,65,,,70,,,,,,,,,,,,,,,,90,80,,,,85,,,,,80,,,,,,80,,,,,,,,,,,,,,,,,,
Overboard!,66.,81,tbd,/game/pc/overboard!/critic-reviews,,100,,,,,,,,,,,,,,,,85,,,,,,,,,,,,,,70,,,,,,,,,,,,,,,,,85,,,,,,80,,,,,,,,,,,,,,,,,,,,,,,,,,,,,,,,,,,,,,,,,,,,,,,,,,,,80,,,,,80,,,,,,,,,,,,,,,,,,,,,90,,,,,,,,,,,,,,,,,,,,,,,,,,,,,
Silicon Dreams,67.,81,tbd,/game/pc/silicon-dreams/critic-reviews,,,,,,,,,,,,,,,,,,,,,,,,,,,,,,,,,,,80,,,,,,,,,,,,,,75,,,,,,,,,,,,,,,,,,,,,,,,,,,,,,,,,,,,,,,,,,,,,85,,,,,,,,,,,,65,,,,89,,,,,,,,,,,,,,,,,,,,,,,85,,,,,,,,,,80,,,,,,,,,,,,,,,,,,,
Age of Empires IV,68.,81,7.8,/game/pc/age-of-empires-iv/critic-reviews,80,,,,90,90,,95,,,,,100,84,,80,,,,,,,,65,,,,,90,,,70,80,85,,,85,80,,80,,83,85,80,75,68,70,,,,90,90,70,,80,70,86,75,80,85,,,60,,,89,80,,,100,,,,95,,90,60,80,80,80,89,,80,,80,86,,80,90,98,,75,80,,,80,85,60,,,,85,84,70,85,90,80,77,,77,80,85,80,,,85,,80,75,,,,,86,,,,60,,,,,,82,80,,,87,,,,,,80,85,,,,,80,80,85,,,90,,70,100,79,75,90,
Tails of Iron,69.,81,8.3,/game/pc/tails-of-iron/critic-reviews,,,,,,,,,,,,85,,85,,,,,,,,,,,,,,,,,,,,77,,,,,,,,,,,,,,,70,,,70,,,,,,,,,,,,,,,,,,,,,,,,,,,,,,,,,,,,,,,,,75,90,,,,,,,,78,,,,82,,,,,,90,,,,,,,,,,,,80,,,,,,,,,,,,,,,,,,,90,,,,,,,,,,,,,,,,,,,
Exo One,70.,81,7.2,/game/pc/exo-one/critic-reviews,,,,,,,,,,,,,,,,,,,,,,,,,,,,,,,,80,,80,,,,,,,,,,,,,85,,,,,,,,,,82,,,,,80,,,,,,,,,,,,,,,80,70,,,,,,,,,,,,,,,75,90,,,,,,,,78,,,,90,80,,,,,85,,,,,,,,,,,,,,,,,,,,,,,,,,,,,,,90,80,,,,,,,,70,,,,,,,,,,
Old World,71.,80,7.4,/game/pc/old-world/critic-reviews,,,,,,,,85,,,,,,79,,,,,,65,,,,,,,,,,,,,,,,,,,,,,,,,,,,,,,,,,,,,85,,,,,,,,,,,,,,,,,,,,,,,,,,80,,,,,,,,,,,,,,,,,,,,,,,85,,,,87,,,80,,,,,,,,,,,,,,,,,,,,,,,,,,,,,,,,,,,,,,,,,,,,,,68,,,
Dark Deity,72.,80,4.4,/game/pc/dark-deity/critic-reviews,,,,,,,,,,,95,,,,,,,,60,,,,,,,,,,,,,,,,,,,,,,,,,,,,,,80,,,,,,,,,,,,90,,,,,,,,,,,,,,80,,,,,70,,,,,,,,,,,,,,,,,,,,,,,,,,,,,80,,,,90,,,,,,,,91,,,,,,,70,,,80,,,,,,,,,,,,,90,,,,,,,,,70,,,,,,,,,
Ruined King: A League of Legends Story,73.,80,7.7,/game/pc/ruined-king-a-league-of-legends-story/critic-reviews,,,,,,,,,,,,,,80,,70,,,,,,,,,85,,,,,,,,,85,,,,,,,,70,,,,,,,,,,,,,,,83,,,,,,,,,74,,,,,,,,,90,,,,,,,,,,80,83,,,,,,,80,,,,,,,,,,82,,80,85,80,,,75,80,,,,,,,79,,,84,80,,87,,,,,,,,,,,,,,88,,,,,,,82,,,,,,,83,,,90,,,,,,,
Skul: The Hero Slayer,74.,80,6.4,/game/pc/skul-the-hero-slayer/critic-reviews,,,,,,,,,,,,,,85,,,,,,,70,,,,83,,,,,,,,70,,,,,,,,,,,,,,,,80,90,,,90,90,,,,,,,,,,,,,,,,,83,,,,,,,,,80,,,80,,,82,,,,,,,,87,60,,,,,,,83,,,,82,,,80,,,80,,,,,,,,,,,,,,,,90,,,,,,,,,,82,80,,,,,80,,,,,,,,,,,,,,,,,,
Halo Infinite,75.,80,7.0,/game/pc/halo-infinite/critic-reviews,,,,,,,70,,,,,,,76,,80,,,,,,,,,,,,,,,80,,,,,,,,,,,,,90,75,,75,,,,,,,,,,84,90,,80,,,,,,,70,,,,75,,,90,,,,80,80,,,,,,,,,,,,,,80,,,,80,,,,,,,,80,,100,,,78,80,85,80,90,,,,,,,,,,,65,,,,,,,60,,,,,,95,,80,,,,,,,,,,,,,,,80,,,,90,,,
Impostor Factory,76.,80,8.5,/game/pc/impostor-factory/critic-reviews,,70,,,,,,,,,,,,,,,,,,,,,,,,,,,,,,,80,80,,,,,,,,,,,,,,,,,,,,,,,,,,,,,80,,,,,,,,,,,,,,,,,80,,,,,,93,,,,,,,,,,,,,,,,80,,,,80,,67,,,,,,,,,,,,,91,,,,,,,,,,80,,,81,,,,,80,,,,,,,,,,,,,,,,,,,,,,,
The Legend of Tianding,77.,80,8.4,/game/pc/the-legend-of-tianding/critic-reviews,,,,,,,,,,,,,,,,,,,,,,,,,,,,,,,,,,,,,,,,,,,,,,,,,,,,70,,,,,,,,,,,,,,79,,,,,83,,,,,,,,,,,,,,,,,,,,,,,85,,,,,,,,70,,,,,,,80,,,,,,,,,,,,,,,89,,,,,,,,,95,,,,,,,,,,,,,,,,,,,80,,,,,,,,,,
Dandy Ace,78.,80,8.5,/game/pc/dandy-ace/critic-reviews,,,,,,,,,,,,80,,,,,,,,80,,70,,,,,,,,,,,70,,,,,,,,,,,,,,,,80,,,,,90,,,,,,,,,,,,,,,,,,,,,,,,,,,,,,,,,,,,,,,,,,,,,,,,,,,,80,,,90,,,90,,,,,,,,,,,,,,,,70,80,,,,,,,,,,,,,,,80,,,,,,,,,,,,,,,,,,
Diablo II: Resurrected,79.,80,3.0,/game/pc/diablo-ii-resurrected/critic-reviews,,,,,,85,70,90,,,,80,95,83,,60,,,90,,,,,70,,,90,,,,,,80,80,,,,,,75,,88,,80,,,,,,,,,,,,60,82,,80,,,,,,,85,,,,,,,,85,70,,,80,,,,,70,,,86,,,,82,,,,,,,90,,86,85,,,,,75,80,,,85,80,80,,80,,,65,,90,,,,,,92,80,,,,70,,,,,,70,,,,,,,,,,,,,80,,,,85,,,,,90,,75,,,
The Artful Escape,80.,80,6.4,/game/pc/the-artful-escape/critic-reviews,,,,,,,80,,,,,,70,,,100,,,,,,,,,75,,,,,,,,,,,,,,,,,,,,,,,,,,,90,,,,80,,,90,90,,,,,,,,,,90,,90,,70,,,,,,,,,80,,,82,,,,,,,75,85,,,,,,,,75,,,,80,,,65,75,,,,,,,,,,,,,,,,,,40,60,,,80,,,,,,,90,,,,,,80,80,,,,,,85,,,70,,,100,,,,
Final Fantasy Pixel Remaster,81.,80,5.6,/game/pc/final-fantasy-pixel-remaster/critic-reviews,,,,,,,,,,,,70,85,,,,,,,,,,,,,,,,,,,,,,,,,,,,,,,80,,,,,,,,,,,,,,,,,90,,,,,,,,,,,,,80,80,,,80,,,,,,,,,,,,,,,,,,,,,,,,,,,,,,,,,,,,,,,,,,,85,70,,,,,,,,,90,,,,,,,,,,,,,,,,,,,,,,,,73,,,,75,,,
Dreamscaper,82.,80,7.8,/game/pc/dreamscaper/critic-reviews,,,,,,,,,,,,80,,,,,,,,,,,,,,,,,,,,,,,,,,,,,,85,,,,,,,,,,70,,,,,76,,,,,,,,,,,,,,,,,,,,,,,80,,,,,,,,,,,,,,,,,,,,,,,,,,,,,75,,,,,,,,75,,,,88,,80,,,,,,,,,,,,,,,82,,,,,,,,,,,,,,,,,,,,,,,,
Knockout City,83.,80,6.4,/game/pc/knockout-city/critic-reviews,,,,,,80,70,,,,,,,,,,,,,,,,,,,,,,70,,,,,,,,75,,,,,,,80,,,,,,65,,,,,,,,,,,,,,,,,,,,90,,,,,70,,80,,,,,,90,,,,,,,,,,75,,,,,,,,,,,,,75,,,,90,,,,,,,,,,,,,,,,,,,80,,,,,70,,,,76,,,,,80,,83,,,,,,,75,,,,,,80,,,,
NieR Replicant ver.1.22474487139...,84.,80,7.6,/game/pc/nier-replicant-ver122474487139/critic-reviews,,,,,,,,,,,,,,,,,,,,,,,,,,,,,,,,70,,,,,,,,,,,,,,,,,,,,,,,,,78,,,,,,,,,,,,,,,,,,,,,,,,,,80,,,,,80,,,,,85,,,,,,,,,,82,,80,,,,,90,80,75,70,,,,,,,,,90,,75,85,,,,,,,,,,,,,,,,,,,,,,,,,,,,,,,,,,,,,
Essays on Empathy,85.,80,tbd,/game/pc/essays-on-empathy/critic-reviews,,,,,,,,,,,,,,,,90,,,,,,,,,,,,100,,,,,60,,,,,,,,,,,70,,70,,,,,,,,,70,,,,,,,,,,,,,,,,,,,,,,,,,80,,,,,,,,,,,,,,,,,,,,,,80,,,,,,,75,,,,,,,,,,,,,,,,,,,,,100,,,,,,,,,,,,,,,,,,,,,,80,,,,,,,,,,
The Life and Suffering of Sir Brante,86.,80,8.6,/game/pc/the-life-and-suffering-of-sir-brante/critic-reviews,,,,,,,,,,,,,,,,,,,,,,,,,,,,,,,,,,,80,,,,,,,,,,,,,,65,,,80,,,,,,,,,,,,,,,90,,,,,,,,,,,,,90,,,,,,,,,,,,,,90,,,,,,,,,,,,,,82,,,,,,,,,,,,,85,,,,68,,,,,,,,,,,,,75,80,,,,,,,,,,,,,,,,,,75,,85,,,
Scarlet Nexus,87.,79,7.7,/game/pc/scarlet-nexus/critic-reviews,,,,,,,,,,,,80,,,,,,,80,,,,,,,,,,,,,,,,,,,,,,,88,,,,78,,,,100,,,,,,70,74,,,,,,,,,,,,,,,,,90,,,,50,,,,92,80,,,,,90,,,,,75,,,,,,,,,,80,,80,,,,,78,,80,60,,,,,,,,,,,80,,,,,,,,,,,,,,80,,,,,,80,,,,80,,,,,,,80,,,,80,,,
LEGO Builder's Journey,88.,79,7.1,/game/pc/lego-builders-journey/critic-reviews,,,,,,,,80,,,,80,,,,,,,,,,,,,,,,,,,,,,,,,,,,,,,,,,,,,,,,,,,,,,,80,,,,,,,,,,,,,,,,,,,,80,,,,,,,,,,,82,,,75,,,,,,,,,,70,80,,80,,,,79,,,,,,,,,,,,,,,,,,,80,,,,,,,,,,,,,,,,83,,,,,,,80,,,,,,,80,,,
Time Loader,89.,79,6.8,/game/pc/time-loader/critic-reviews,,,,,,,,,,,,,,,,,,,,,,,,,,,,,,,,,,,,,,,,,,,,,,,,,,90,,,,85,,,,,,,,,,,,,,,,,,,,,,90,,,,90,,,,,,,,,,,,,,50,,,,,,,,,,,,,,,,,,80,,,,,,,,,,,,,,,,70,,,,,,,,,,,,,,,,,,,,,,,,,,,,,,,,,,
Gloomhaven,90.,79,7.0,/game/pc/gloomhaven/critic-reviews,,,,,,,,,,,,,,,,,,,,,,,,,,,,70,,,,,50,,,,,,,,,,,,,,,,75,,,,,,,,,,,,,,,,,,90,,,,,,,85,,,,,,,,,,,,85,,,,,,,,,,,,,,,,,,,,80,,,,87,,,,,,,,,,,,,70,90,,,,,,,,,,,,,,,80,,,,80,,,,,,,,,,,,,,,,,,,
TOEM,91.,79,7.0,/game/pc/toem/critic-reviews,,90,,,,,,,,,,80,,,,,,,,80,,,,,,,,,,,,,,,,,,,,,,,,,,,,,,,,,,,,,,,70,,,,,,,,,,,,,,,,,,,,,80,,,,,,,90,,,,,,75,,,,,,,,,70,,,,80,,,90,,,,,,,,,,,,83,,,,,,,,,,,,,,,,,,80,,,,,,,,,,,,,,,,,,,,,,,
The Eternal Cylinder,92.,79,8.2,/game/pc/the-eternal-cylinder/critic-reviews,,,,,,,,,,,,,,90,,,,,,,,,,,,,,,,,,70,,,,,,,,,,,,,,,,,95,,,,,,,,,,,,,,,,,,,,,,,,,,,,,80,,,,,,,,,,,,,,,,,,,,,,,,,,,,,,,,70,,95,,,,,,,,,,,,,,,,70,,,,,90,,,,,,,,,,,,,,,,,,,,,,,,,,,,,
Ocean's Heart,93.,79,5.9,/game/pc/oceans-heart/critic-reviews,73,,,,,,,,,,,,,,,,,,,,,,,,,,,,,,,,,,,,,,,,,,,,,,,,,,,80,70,,,,,,,,80,,,,,,,,,,,,,,,,,,,,,,,,,,,,,,,,,,,,,,,,,,,,,,,,,,,,,,,,,,,,89,,70,,,,,,,80,,,85,,,,,,90,,,,,80,,,,,,,,,,,,,,,,,,
Hell Let Loose,94.,79,7.2,/game/pc/hell-let-loose/critic-reviews,,,,,,,,,,,,,,82,,,,,,,,,,,,,,,,,,,,75,,,,,,,,,,,,,,,,,,,,75,,,86,,,,,,,,,,80,,,,,,,,60,,,,,,,,,,,,,,,,,,,,,,,,,,,,,,,85,80,,,70,,,90,,,,83,,,,,,,,,,,80,,,,,,,,,,84,,,,,,,,,,,,,,,,,,,,,,,,
Shin Megami Tensei III: Nocturne HD Remaster,95.,79,7.4,/game/pc/shin-megami-tensei-iii-nocturne-hd-remaster/critic-reviews,,,,,,,,,,,,,,,,,,,,,,80,,,,,,,,,80,,,,,,,,,,,,,70,85,,,,,,,,,,,,,,,,,,,,,,,,,,91,,,85,,,,,,,,85,,,,,,,,,,,75,,,,,,,,,,,,60,,,,,,70,80,,,,,,,,,,80,,,,,,,,,,,,,,,,,,,85,,,,,,,,,,,,,,,,,,,,,
The Vale: Shadow of the Crown,96.,79,8.1,/game/pc/the-vale-shadow-of-the-crown/critic-reviews,,,,,,,,,,,,,,,,,,,,,,,,,,,,,,,,,,,,,,,,,,,,,,,,,,,,,,,,,,,,,,,,,,,,,,,,,,,,,,,,,,,,,,,,,,,,,,77,,,,,,,,,,80,,87,,,,,,,,,,,,,,,93,,80,,70,,,80,,,,,,,,,,,70,,,,80,,,,,,,,,,,,,,,,,,,
Final Fantasy III Pixel Remaster,97.,79,4.9,/game/pc/final-fantasy-iii-pixel-remaster/critic-reviews,,,,,,,,,,,,,85,,,,,,,,,,,,,,,,,,,,,,,,,,,,,,,,,,,,,,,,,,,,,,,,90,,,,,,,,,,,,,80,80,,,80,,,,,,,,,,,,,,,,,,,,,,,,,,,,,,,,,,,,,,,,,,,80,70,,,,,,,,,70,,,,,,,,,,,,,,,,,,,,,,,,73,,,,80,,,
Crysis Remastered Trilogy,98.,79,7.4,/game/pc/crysis-remastered-trilogy/critic-reviews,,,,,,,,,,,,,,,,70,,,,,,80,,,,,,,,,,,,,,,,,,,,,,,,,,,,,,,,,,,,,,,,,,,,,,,,,,,,,,,,,,,,,,,,,,,,,,,75,,,,,,,,,,80,,,80,,,85,,80,,,,,,,,,,,,,,,,,,80,,,,,,,,,82,,,,,,,,,,,,,,,,,,,,,75,,,
Golf Club: Wasteland,99.,79,6.2,/game/pc/golf-club-wasteland/critic-reviews,,,,,,,,,,,,70,85,,,60,,,,,,,,,,,,,,,,,,,,,,,,,,,,,,,,,,,,,,,,,,,,,,,,,,,,,,,,,,85,,,,,,,,,,,,72,,,,,,,80,,,,,,,,,,,,,85,,,,,,,,,90,,,,,,,,,,,,,,,,,,85,,,,,,75,,,,,,,,,,,,,,,,,,,,,,,
Road 96,100.,79,7.0,/game/pc/road-96/critic-reviews,,80,,,,,,,,,,60,,,,70,,,70,,,80,75,,,,,,70,,,70,80,75,,,,,,,,,,,,,,,,,60,,70,,,,79,,,90,,70,90,,,,,80,80,,,,,,,90,,90,,,,,80,,80,80,,,90,82,,,75,83,,,,,86,,,,,,,70,100,,80,,70,,,,,,100,,,,82,,,,77,,,,,,,,,77,,,,83,70,,,,80,,,,,80,,,,80,,,,,,,90,,,
Wolfstride,101.,79,tbd,/game/pc/wolfstride/critic-reviews,,,,,,,,,,,,,,85,,,,,,,,,,,,,,,,,,,,,,,,,,,,,,,,,,,,,,,,,,,,,,,,,,,,,,,,,,,,,,,,70,,,,,,,,,,,,,,,,,,,,,,,,,,,,,60,,90,,,70,,,,,,,,,,,,,,,,,,,,,95,,,,,,80,,,,,,,,,,,,,,,,,,,,,,,
Blizzard Arcade Collection,102.,79,4.2,/game/pc/blizzard-arcade-collection/critic-reviews,,,,,,,,,,,,,,,,,,,,,,,,,,,,,,,,,70,90,,,,,,,,,,,,,,,,,,,,,,,,,,,,,,,,,,,,,,,,75,,,,,,,,,,,,,,,,,,,70,,,,,,,,,,,,,,,,,,,,,,,,,,,,,,,,,,,,80,,,,,,,,,,,,,,,,,,,,,,,75,,,,,,,90,,,
Super Robot Wars 30,103.,78,tbd,/game/pc/super-robot-wars-30/critic-reviews,,,,,,,,,,,,,,77,,,,,,,,,,,,,,,,,,,,,,90,,,,,,,,,,,,,85,,,,,,,,,,,,,,,,,80,,,,,,,,,,,,,,90,,,,,,60,,,,,,,,,,,,,,,,,,,,72,,,75,,,,,,,,,,,,87,70,,,,,,,,,,,,77,,,,77,,,,,,,,,,,,,,,,,,,,,80,,,
Curse of the Dead Gods,104.,78,7.6,/game/pc/curse-of-the-dead-gods/critic-reviews,73,,,,,,,,,,,85,,,,,,,,,,80,,,,,,,,,,,,,,,,,,,,73,,70,,,,,,,,80,90,,,,81,,,,,,,,,,,,,,,,,85,,,,,,,,,90,,80,,,80,,,,,,70,80,,,,,,75,,,,,75,,,,,,70,,,,,,,,,80,,,,69,,,,,,,,,,,,,81,,,,,,,,,,,,,,,,,,,,,,,,
Axiom Verge 2,105.,78,5.7,/game/pc/axiom-verge-2/critic-reviews,,,,,,,,,,,100,,,,,,,,,,,,80,,,,,,,,,,,,,,,,,,,78,,,,,,,,,,,,,,70,,,,,,,,,,,,,,,,,,,,,,80,,,,,70,,90,,,,,,,,70,,,,,,,,,,,,,80,,,,87,70,,,,,,,,,,,,,,,,,,80,,90,,,,,,,,,,,,,,,,,,,,,68,,,,,,,,,,
Grow: Song of the Evertree,106.,78,8.4,/game/pc/grow-song-of-the-evertree/critic-reviews,,,,,,,,,,,,,,,,,,,,,,,80,,,,,,,,,,,,,,,,,,,,,,,,,,,,,,,90,,,,90,,,,,,,,,,,,,,,,,,75,,,,,,,,,70,74,,,,,,,,,,,,,,,,,,,,70,,,,,,80,,,,,,,,,,,,,,,,,,,,,,73,,,,,,,,,80,,,,,,,,,,,,,,,,,,,
Happy Game,107.,78,8.0,/game/pc/happy-game/critic-reviews,,70,,,,,,,,,,,,,,,,,,,,,,,,,,,,,,80,80,90,,,,,,,,,,,,,,,,,,70,,,,,,,,,,,,,,,,,,,,,,,,,,,,,,,,,,,,,,,,,,,,,,,,,,82,,,,88,,63,,,,,,,,,,,,,,,,,,,,,70,,,,,,,,,,,,,,,,,,,,,,,85,,,,,90,,,,65,
Adios,108.,78,6.4,/game/pc/adios/critic-reviews,,,,,,,,,,,,,,,,,,,,,,,,,,,,,,,,,,,,,,,,,,,,,,,,,70,,,,,,70,,,,,,,,,,,,,,,,,,,95,,,,,,,,,,,,,,,,,,,,90,,,,,,,,,,,,,,,65,,,75,,,,,,,,,,,,,,,,80,,,,,,,,,,,,,,,80,,,,,,,,,80,,,,,,,,,,
Lost in Random,109.,78,7.2,/game/pc/lost-in-random/critic-reviews,,,,,,,,80,,,,90,,,,80,,,,,,,,,,,,,,,,,,,,,,80,,,,,,,,,,,,75,,,,,,,79,,,,,,,,,,,,,,,,,,,,,,,,,,,,,,80,,,,,,80,,,,,,,,,,,,80,,60,78,,,,75,,,,,,,,,,,,79,,,,80,70,,,,,80,,,,83,,,,,70,,,,,,,,,75,,,,,,90,,,,
Lone Echo II,110.,78,8.4,/game/pc/lone-echo-ii/critic-reviews,,,,,,,,,,,,,80,,,,,,,,,,,,,,,,,,,,,,,,,,100,,,,,,,,,,,,,,,,,,80,,80,,,,,,,,,,,,,,,,,,,,,,,,60,,,,,,,,,,75,,,,,,,,,,,,,80,,,,,,,,,,,,,,,,,,,,75,,,80,,,,,88,,,,92,,,,,,,,,,,60,,,,,,,,,100,,,,
Farming Simulator 22,111.,78,5.7,/game/pc/farming-simulator-22/critic-reviews,,,,,,,,,,,,,,,,,,,,,,,,,,,,,,,,,,,,,,,,,,,,,,,,,,,,,,,,,83,,,,,,,,,,60,,,,,,,,,,,,,,,,,80,,,,,,,,,,,,,,,,,,,,,,80,,,,75,80,80,,,90,,,,,,,,,,,,,,70,,,,,,,,,,,,,,,80,,,,,,,,,,,,,,,,,,
Riders Republic,112.,78,6.5,/game/pc/riders-republic/critic-reviews,,,,,90,,,,,,,,,,,,,,,,,,,,,,,,,,,,,,,,,,,,,,,,,72,85,,,,,,,90,,80,79,,60,,,,,,,84,,,,,,,,,,,,,,,,,,,,82,,,,,,,75,,,,,,,72,,,77,,,,80,,,71,70,80,90,,,,,,,,,,,,,,,,80,,,,,80,,,,88,,,,,,,,75,,,,80,,,,,,,,,80,,,
Unbound: Worlds Apart,113.,78,7.6,/game/pc/unbound-worlds-apart/critic-reviews,,90,,,,,,,,,,90,,,,,,,,,,,,,,,,,,,,,,,,,,,,,,,,,,,,,,,,80,,,,,,,,70,,,,,,,,,,,,,,,,,,,,,,,,,,,,,,,,,65,,,,,,,,,,,,85,,,,,,80,80,,,,,,,,,,,,,63,,,90,80,,,,85,,,,,,,,,,,70,,,,,,,,,,,,,,,,,,
Blue Reflection: Second Light,114.,78,8.2,/game/pc/blue-reflection-second-light/critic-reviews,,,,,,,,,,,,,,,,,,,,,,,,,,,,,,,,,,,,,,,,,,,,,,,,,,90,,,,,,,,,,60,,,,,,,,,,,,,,,,,,,,,,,,,,75,,,,,,,70,,,,,,,,,,,,,,,,,,,85,,,,,,,,,,80,,,,,,,,,,,,,,,,,,,80,,,,,,,,,,,,,,81,,,,,,80,
Vesper,115.,78,6.9,/game/pc/vesper/critic-reviews,,,,,,,,,,,,75,,,,,,,,,,,,,,,,,,,,,80,78,,,,,,,,,,,,,,,,,,,,,,,,,,,,,,,,,,,,,,,,,,60,,,,,,,,,,80,,,,,,,,,,,,,,,,,,,,83,,,,,,,,,,,,,,,,,,,,,,80,,,,,,78,,,,87,,,,,,,,,,,,,,,,,,,,,,,,
Marvel's Guardians of the Galaxy,116.,78,8.5,/game/pc/marvels-guardians-of-the-galaxy/critic-reviews,,,,,,,,,,,,,,,,,,,,,,,,,,,,,,,,,,,,,,,,,,,,,,81,,,,,,,,,,,85,,,,,,,,,,,,,,,,,,,,,,,,,,,,,,,,,,,,80,,,,,,,,,,70,,75,80,,,,70,,85,70,,,,,,,,,,,89,,,,70,,,,,,,,,,,,,,,,,,,,,,,,,,,80,,,,,,,
Jupiter Hell,117.,78,7.7,/game/pc/jupiter-hell/critic-reviews,,,,,,,,,,,,75,,82,,,,,,,,80,,,,,,,,,,,,73,,,,,,,,,,,,,,,85,,,,,,,,,,,,,,,,,,,,,,,,,70,,90,,,,,,,,,,81,,,,,,,,,,,,,,,,,,70,,,80,,80,,,,,,,,58,,,,90,,,,,,,90,,,,,85,,,,,77,,,,,,70,,,,,,,,81,,,,,,,,,,
Solar Ash,118.,78,6.5,/game/pc/solar-ash/critic-reviews,,,,,,,,,,,,,,,,90,,,,,,,,75,,,,,,,,,80,88,,,,80,,,,,,,,,,,,,,,,,,80,,,,,,,,,,,,,,,,,,,,,,90,,,,,70,,,,,,,,,,80,,,,,,,,,80,,,,,80,,85,70,70,80,,,,,,,,,,,,,,,,,80,,,60,,,,,,81,,,,,,,,,,,,,,,,,,,,,,,,
Humankind,119.,78,6.9,/game/pc/humankind/critic-reviews,,,,,,,,,,,,85,80,80,,70,,,,75,,,,,,,,,,,,60,80,90,,,85,,,80,,,,,,76,,,,,,,90,,,60,78,75,90,80,,70,90,,,,70,80,,90,,,,,,80,,,100,,,,70,,80,90,,80,,,,,80,,,,,,,75,,80,,70,80,90,80,70,,71,80,75,80,,80,,83,,,,,,,,68,,,,,,,,85,78,,,,77,,,,,,90,78,,70,70,,,,80,,,80,,75,,95,,,
GTFO,120.,78,7.5,/game/pc/gtfo/critic-reviews,,,,,,,,,,,,,,,,,,,,,,80,,,,,,,,,,,,,,,,,,,,80,,,,,,,,,,,,,,,,,,,,,,,,78,80,,,,,,,,,,,,,,,,80,,,,,,,,,,80,,,,,,,,,,,,,77,60,,,,,,,,,,,,,,,,,,,,70,80,,,,,,,,,,80,,,,,,,,,,,,,,,,,,,,,,,,
Wytchwood,121.,78,8.0,/game/pc/wytchwood/critic-reviews,,,,,,,,,,,,,,66,,,,,,,,,,,,,,,,,,,80,,,,,,,,,,,,,,,,75,,,,,,,,,,,,,,,,,,,,,,,,,,,,,,,80,,,,,,,,,,,,,,,,,,,,,,,,,75,75,,,,,,,,,,,,,,,,,,,,,,90,,,,,,80,,,,,,,,,,,,,,,,,,,,,,,,,,,,
Hot Wheels Unleashed,122.,78,8.2,/game/pc/hot-wheels-unleashed/critic-reviews,,,,,,,,,,,,,,,,,,,,,,70,80,,,,,,,,,,,,,,,,,,,,,,,,,,,95,,,,,,,75,,,65,,,,,,,,,,,,95,,75,,,,,,90,,85,,,,,,,,,,,70,,,,,,,,,,,,75,,,78,,,70,65,,,,,,,,,,,,,,,,,,,,,,77,,,,77,,,,,,,,,,,,,,,,,,,,,,,,
Roguebook,123.,78,4.6,/game/pc/roguebook/critic-reviews,,,,,,,,,,,,85,,71,,80,,,50,,,90,,,,,,,,,,,,,,,,,,,,,,,,,,,85,,,,,,80,,,,,,,,,100,,,,,,,,90,,,,80,,,80,90,,,70,,,,,,,88,,,,75,,,,,,,,,,,,80,60,,,78,70,80,,,,,,,,,,,,,,,,70,,,,,80,,,,,,65,,,,,80,,,,,,,,,,,,,,,,,,
DOOM Eternal: The Ancient Gods Part Two,124.,78,6.1,/game/pc/doom-eternal-the-ancient-gods-part-two/critic-reviews,87,,,,,,,,,,,80,,,,,,,70,,,,,,,,,,,,,,,74,,,,,,,,,,,,,,,45,,,,,,,,,,,,,,,,,,,,,,,,,,,,,,,,,,80,,,,,,,,,,85,,,,,,,,,,,,,75,,,,,80,,,,,,,,,,,,,,,,,,,,,,,,,,,75,,,,,,,,,,,,,,,,,,,,90,,75,,
Fights in Tight Spaces,125.,78,7.4,/game/pc/fights-in-tight-spaces/critic-reviews,,,,,,,,,,,,,,,,,,,,,,,,,,,,,,,,60,,,90,,,,,,,,,,,,,,75,,,,,,,,,90,,,,,,,,,,,,,,,,,,,,,,,,,70,,,,,,,,,,,80,,,,,,,,,,,,78,80,,,83,,,,,,,83,,,,,,,,,,,,90,,,,,,,,,,,,,,,90,,,,,,,,83,,,,,,,,,,
Lemnis Gate,126.,78,7.4,/game/pc/lemnis-gate/critic-reviews,,,,,,,,,,,90,,,,,70,,,,,,,,,,,,,,,,,80,,,,,,,,,,,,,,,,,75,,,,,,,,,,,,,,,,,,,,,,,,,,,,,,,,,,,,,,,,,,,80,,,,,,75,,,,,,,82,60,,,84,,80,,,,,,,,,,,,,,,,,,,,,,,,,,,,,,,70,,,,,,,,,,,,,,,,,,,
Sherlock Holmes: Chapter One,127.,77,7.4,/game/pc/sherlock-holmes-chapter-one/critic-reviews,,,,,,,,,,,,,85,,,80,,,,,,,,,,,,,,,,,,,,,,,,,,,,,,,,,,100,,,,,,,83,80,,,,,,,,83,80,,,,,,,,,,80,,,,,,,,70,71,,,,72,,,75,,,,,,,,,,,,,,,73,,80,70,80,,,,,,,,,,,,90,,,,,,,,,,,,,,81,70,,,,,,,65,,40,,,,,,,85,,,,,,,
Orcs Must Die! 3,128.,77,6.8,/game/pc/orcs-must-die!-3/critic-reviews,78,,,,,,,,,,,85,,,,70,,,,,,,,,,,,,,,,,,,,,,,,,,,,,,,,,,,,,,,,,,,,,,,,,,,,,,,,,,,,,,,,,,,,,,,,,,,,,,,,,,,,,,,,,,78,,,,81,,,,,,,,,,,,,,83,72,,,,90,,,,,,,,,78,60,,,,,,,,,,,,,,,,,,,,,,,
Steel Assault,129.,77,tbd,/game/pc/steel-assault/critic-reviews,,,,,,,,,,,,,,,,,,,,,,,,,,,,,,,,,,,,,,,,,,,,,,,,,,,,,,,,,,,,,,,,80,,,,,,,,,,85,,,,,,70,,,,,,,,,,,,,,,,,,,,,,75,,,,,,,,,,80,,,,,,,,,,,,74,,,,,,,,,,,,,,,,,,,,,,80,,,,,,,,,,,,,,,,
Back 4 Blood,130.,77,5.0,/game/pc/back-4-blood/critic-reviews,,,,,,,,,,,,,,,,80,,,,,,,80,,85,,,,,,75,,,80,,,,,,,,,80,,80,66,70,,85,75,,,,,,,68,,,,,,70,,,,50,,,,,80,,,80,90,,,80,,,,80,,,82,,70,,,,70,,,,,,,,,,82,80,,,80,80,80,,88,,75,80,60,80,,,,,,,,,,,,,70,60,,,,,,85,,,80,,80,,,,,,,80,80,,80,,80,,,80,60,,80,85,,,
Dodgeball Academia,131.,77,8.3,/game/pc/dodgeball-academia/critic-reviews,,,,,,,,,,,,,,,,,,,,,,,,,,,,,,,,,,,,,,,,,,,,,,,,,,,,,,,,,,,,,,,,,,,,,,,,,,,,95,,80,,,,,,,,,,,,,,,,,,,,,,,,,,,,78,80,,,,,65,,,,,,,,,84,70,,,,,,70,,,,,,,,,,,80,,,,,70,,,,,,,,,,,,,,,,,,
Before Your Eyes,132.,77,8.7,/game/pc/before-your-eyes/critic-reviews,,,,,,,,,,,,85,,70,,80,,,,,,,,,,,,,,,,50,70,70,80,,,,,,,85,,,,,,,90,,,,100,,90,80,,,,,,,,,,,,,,,,,,75,,90,,,,90,,,,,,,,,,98,,,,85,,,,,,,,78,,60,,70,,,85,,,,,,,,,,,,,,,,,,,80,,,,,,,,,,,70,,,,,90,,,,,,,,74,,,,,,,,,,
Genesis Noir,133.,77,6.4,/game/pc/genesis-noir/critic-reviews,,70,,,,,,,,,90,80,,,,,,,,,,,85,,,,,,,,,80,70,,,,,,,,,,,,,,,,55,,,,,,90,,,,,,,,,,,,,,,,,,,,,70,,,,80,,,,,,81,,,,,,,,,,,,,,,,68,,,,85,,,,76,,85,,,,,,,,,,,,,,,,60,70,,,,,,,,,,80,,,,,,,,,,,,,85,,,,,,,,,,
Olija,134.,77,6.4,/game/pc/olija/critic-reviews,,,,,,,,80,,,,75,,82,,,,,,,60,,,,,,,,,,,80,,,,,,,,,,,,,,,,,,90,80,,,,,80,,,70,,70,,,,,,,,,,,,,,,,80,60,,70,,,70,,,,,,,80,,,80,,,,,,,,,83,,,,,,,85,83,70,90,,,,,75,,75,,,,,,,,,70,90,,,,80,,,,,,,,,,60,,,,,,,,,,,,,,,,,,85,
Solasta: Crown of the Magister,135.,77,7.5,/game/pc/solasta-crown-of-the-magister/critic-reviews,74,,,,,,,,,,,75,,79,,80,,,,75,,,,,,,,,,,,,70,,,,,,,,,,,,,,,,,60,,,,,,,80,,,,70,,,,,,,80,,,,,,70,,85,,,,,,,,,70,82,,,,,,,80,,,,,,77,95,,76,,,80,80,,,,70,,80,70,,80,,,,,,78,,70,90,69,,,80,,,,,,78,,,,,80,,,,,,,,,,,,,,,,75,,,,,,,
Jurassic World Evolution 2,136.,77,6.4,/game/pc/jurassic-world-evolution-2/critic-reviews,,,,,80,,,,,,85,,,,,50,,,,,,,,,,,,,,,,,,80,,,,,,75,,,,,,,,,,,,,,90,,,80,65,,,,,,,,,60,,,80,,,,95,,,80,,,,,,70,,,75,,,,,,,80,,,,,,,,,,,,80,82,80,,,72,90,,70,,,,,,,,,,,,,,,50,90,,,,,65,,,,,,,,,100,,,,,,,,,,,,,,,,,,,
The Big Con,137.,77,5.5,/game/pc/the-big-con/critic-reviews,,,,,,,,,,,,,,85,,,,,,,,,,,,,,,,,,,,,,,,,,,,,,,,,,,,,,,,,,70,,,,,,,,,,,,,,,,,,,80,85,,70,,80,,,,,,,,,,,,,,,,,,,,,,,,,,65,80,,,,,,,,,,,,,,,,,,,,,70,70,,,,,,,,,,,,,,,,,,,,,,,83,,,,,85,80,,,,
Final Fantasy II Pixel Remaster,138.,77,4.0,/game/pc/final-fantasy-ii-pixel-remaster/critic-reviews,,,,,,,,,,,,,85,,,,,,,,,,,,,,,,,,,,,,,,,,,,,,,,,,,,,,,,,,,,,,,,90,,,,,,,,,,,,,80,80,,,70,,,,,,,,,,,,,,,,,,,,,,,,,,,,,,,,,,,,,,,,,,,72,70,,,,,,,,,70,,,,,,,,,,,,,,,,,,,,,,,,73,,,,75,,,
Sable,139.,76,7.5,/game/pc/sable/critic-reviews,,50,,,,,,,,,90,75,80,74,,90,,,,,,,,,,,,,90,,,70,80,65,,,,,,,,88,,80,,,,,,,,,60,,70,90,78,,,,,80,,,,,,,,80,,90,,90,60,80,80,,,,,,70,,,,,,,,,,70,70,,,,,,,,,,,,80,,,70,93,70,90,80,,,,,,,,,,,,,,,80,80,,,60,,75,,,,78,80,,,,60,70,,,,60,,,60,77,,,90,80,50,,89,,,
Chorus,140.,76,7.4,/game/pc/chorus/critic-reviews,,,,,,,,,,,,,,,,,,,,,,,,,,,,,,,,,,,,,,,,,,70,,,,,,,90,90,,,,,,,82,,70,80,,,,,,,,,,,,,,85,,,,,,,,90,80,,,,,,,,,,,,,,,,,,,,,,75,,,,,,80,50,,,,,,,,,,,,,,,75,,70,,,80,,,,,,,,,,,,,,75,,,,,,,,,60,,,,,,,
Persona 5 Strikers,141.,76,6.7,/game/pc/persona-5-strikers/critic-reviews,,,,,,,,,,,,,,,,,,,70,,,80,,,,,,,,,80,60,,,,,,,,,,,,80,,,,,,,,,,,,,,,,,,,,,,,,,,,,,,,,,,,,,,95,,,,,,,,,,,85,,,,,,,,,,,,85,,,,,63,,85,80,,,,,,,,,80,,,71,,,,,,,,,,,,,,,,,,,,,,,,,,,,85,70,,,,100,,,,
Eldest Souls,142.,76,6.8,/game/pc/eldest-souls/critic-reviews,,,,,,,,,,,,,,,,70,,,,,,,,,,,,,,,,,,,,,,,,,,,,,,,,,,,,70,,,,,,,,75,,,,,,,,,,,,,,,,,,90,,,,,80,,,,,,,,,,80,,,,,,,,,,,,,78,,,,,60,80,,,,,,,,,67,,,,,,,80,,,,,,,,,,,80,,,,70,,,,,,,,,,,,,,,,,,,
Far Cry 6 - Vaas: Insanity,143.,76,4.5,/game/pc/far-cry-6---vaas-insanity/critic-reviews,,,,,,,,,,,90,,,,,,,,,,,,,,,,,,,,,,80,67,,,,,,,,,,,,,,,,,,,,,,,,,,,,,,,,68,,,,,,80,,,,90,,,,,75,,,,,70,,,,,,,,,,,,,,,,,,,,,,,,,,75,,,,,,,,,,,,,,,,60,,,,,,,,,,,,,,,,,,,,,,,,,80,,,,,,,,,
Room to Grow,144.,76,tbd,/game/pc/room-to-grow/critic-reviews,,,,,,,,,,,,,,,,,,,60,,,,,,,,,80,,,,,,,,,,,,,,,,,,,,,,85,,,,,,,,,,,,,,,,,,,,,,,,,,,,,,90,,62,,,,,,,,,,,,90,,,,,,,,68,,,,,,,,,,,,,,,,,,,,,,,,,,,,80,,,,,,,,,,,,,,,,,,,,,,,,,,,,,,,,
Curious Expedition 2,145.,76,5.8,/game/pc/curious-expedition-2/critic-reviews,,,,,,,,,,,,75,,56,,,,,80,,,,,,,,,,,,,,,,,,,,,,,,,,,,,,,,,,,,,,80,,,,,,,,,,50,,,,,74,,,,,,,,70,,85,,,,78,,,,,,,,,80,,,,,,,,,,,,,,,,,,,,,,,,,,,,,,,,,80,,,,,75,,,,,80,,,,,,90,,,,,,,,,,,,,,,,,,
Twelve Minutes,146.,76,6.1,/game/pc/twelve-minutes/critic-reviews,,60,,,,,90,,80,,,80,,70,,80,,,,,,,80,,,,70,,85,80,,70,80,70,,,,,,,,80,,,,64,,,,,,,,,60,90,68,,90,80,,65,70,,,66,,,,90,,80,90,90,,,80,80,,,,,80,,60,,,90,,,,75,70,70,,,,,,,,,,,65,75,80,60,70,53,,85,,,80,,,,70,,75,,,,55,,,80,80,,,,,69,,,,84,90,,,,60,60,,,,90,,80,,90,75,,,70,,70,90,,,
Days Gone,147.,76,8.7,/game/pc/days-gone/critic-reviews,82,,,,80,,70,,,,80,90,80,75,,,,,,,,,,,,,,,,,,,80,,,,,,,,,,65,,80,,,,90,,,80,90,,80,,80,,70,,,,,,,,80,,,,83,85,80,90,50,,,,40,,,,,,,,,70,,,,80,75,,,,,,,70,,80,76,60,75,80,,,80,63,80,,80,,60,,,,,,,,,80,,,,80,,70,,,,80,,,,88,,,,,70,,82,,,,,,,82,75,,,,,,88,,,
OMNO,148.,76,7.0,/game/pc/omno/critic-reviews,,80,,,,,,,,,,85,,,,70,,,,,,,,,,,,,,,,,,,,,,,,,,,,,,,,,,,,,,,,,,,,,,,,,,,,,,,,,,,,,,,,,,,,,70,,,,,,,,65,,,,,,,,,,,,,78,,70,,,,80,,,,,,,,,,,,,,,,,80,,,,,,,,,,,,,,,80,,75,,,,,,,,,,,,,,,,
Wraith: The Oblivion - Afterlife,149.,76,7.8,/game/pc/wraith-the-oblivion---afterlife/critic-reviews,78,,,,,,,,,,,,,80,,,,,,,,,,,,,,,,,,,,,,,,,80,,,,,,,,,,,,,,90,,80,,,,,,,,,,,,,,,,,,,,,,,,,,,,,,,82,,,,82,,,,,,,,,,,,75,,70,,78,,,,,,,,,,,,,,,,,,,,75,,,,,,,,,,,,,,,,,40,,,,,,80,,,78,,,,,,,76,,,
The Wild At Heart,150.,76,7.5,/game/pc/the-wild-at-heart/critic-reviews,75,,,,,,,,,,,70,,74,,80,,,,,,,,,,,,,,,,,80,,,,,,,,,,,,,,,,,,,,,,,,,,,,,,,,,,,,,,,,,,,80,,70,,80,,,,,,,,,,,,,,,,,,,,,,,,,,,,,70,,,,,,,,,,,,,,,,,,,90,,,,70,,,,,,,60,,,,,80,,,,80,,,,,,,,,,,,,,
Legend of Keepers: Career of a Dungeon Manager,151.,76,6.5,/game/pc/legend-of-keepers-career-of-a-dungeon-manager/critic-reviews,83,,,,,,,,,,,85,,73,,,,,,,,,,,,,,,,,,,,,80,,,,,,,,,,,,,,,,,,,,,,69,,,,,,,,,,,,,,,,,,,,,,,,,,,,,,,,,,,,70,,,,,,,,,,,,,70,,,,,80,80,,,,,,,,,,,,,60,,,,,,,,85,,,,,82,,,,,,80,,,,,,,,,,,,,,,,,,
The Sims 4: Paranormal Stuff Pack,152.,76,tbd,/game/pc/the-sims-4-paranormal-stuff-pack/critic-reviews,,,,,,,,,,,,,,,,,,,,,,,,,,,,,,,,,,,,,85,,,,,,,70,,,,,,,,,,70,,,,,,,,,,,,,,,,,,,,80,80,,,,,,,,,,,,,,,,,,,,,,,,,,,,,,,75,,,,,,,,,,,,,,,,,,,,,,80,,,,,,,,,,,,,,,,80,,,,60,,,,,,,,,,,,,,
Maskmaker,153.,76,tbd,/game/pc/maskmaker/critic-reviews,76,80,,,,,,,,,,,,,,,,,,,,,,,,,,,,,,70,,,,,85,,80,,,,,,,,,,,,,,,,,,,,,,,,,,,,,,,,,,,70,,,,,,,,,,,,,,,,,,,85,,,,,,,,,,,,,,80,,,,,,,,,,,,,,,,,,,,,,,,,,,,,,,,,,,,,,,,,70,,,,70,,,,,,,,,,
The Outer Worlds: Murder on Eridanos,154.,76,7.3,/game/pc/the-outer-worlds-murder-on-eridanos/critic-reviews,,,,,,,,,,,,65,,,,,,,,,,,,,,,,,,,,,70,75,,,,,,,,,,,85,,,,,,,,90,,90,,,,,,,,,,,,,,,,,,,55,,,,,,,,,70,,,74,,,,,,,60,,,,,,,85,,,78,,,70,,,90,,,75,,,,,,,,,,70,,,,,,80,,,,,,,,,,,,,,,,,,,,,,80,,,,,70,,,,,,,
The Climb 2,155.,75,tbd,/game/pc/the-climb-2/critic-reviews,75,,,,75,,,,,,,,,,,,,,,,,,85,,,,,,,,,,70,78,,,,,80,,,,,,,,,,,80,,,,,,,,,60,,,,,,,,,,,,,,,,,,,,,,80,,70,,,80,,,,,,,,,,,,,,,,,,,,,,,,,,,,,,,,,,,,,,,,85,,,,,,,,,,,,80,,,,,,,,,,,80,,,70,,,,,,,,,,
Scott Pilgrim vs. the World: The Game - Complete Edition,156.,75,5.9,/game/pc/scott-pilgrim-vs-the-world-the-game---complete-edition/critic-reviews,,,,,,,,,,,,,,,,,,,,,,,,,,,,,,,,,,,,,,,,,,,,,,74,,,,90,,,,,,70,,,,,,,,,,,,,,,,,,,,,,,,,,,,,,,,,,,,,80,,,,,,,,,,,,,,,,,70,,75,,80,,,,,,,,,,70,,,,,,,,,90,,,,,,,,,,70,,,,,,,,,,,,,,70,,,,,
Tormented Souls,157.,75,7.7,/game/pc/tormented-souls/critic-reviews,,,,,,,,,,,,,,70,,,,,,,,,,,93,,,,,,,,,,,,,,,,,,,,85,56,,,,,,70,,80,,,82,,,,,,,,80,,,,,,,,,75,,,,,,,,,,,,,,,,,,,65,,,,,,,,,,,,,72,,,,,,70,,,,,,,,,,,,79,,,,,,,,,,74,,,,,,,,,,,,,,,,,,,,,70,,,,,,,
Field of Glory II: Medieval,158.,75,7.3,/game/pc/field-of-glory-ii-medieval/critic-reviews,65,,,,,,,,,,,,,,,,,,,80,,,,,,,,,,,,,,,,,,,,,,,,,,,,,70,,,,,,,,73,85,,,,,,,,,80,,,,,,,,,,,,,,,,,,,80,,,,,,,,,,,,,,,,,,,,,,,,70,,,,,,,,,,,,,,,,,,,,,,,85,80,,,,,,,,,,,,,,,,,,,,,,,,,,,,
Century: Age of Ashes,159.,75,7.4,/game/pc/century-age-of-ashes/critic-reviews,,,,,,,,,,,,,,,,,,,,,,,,,,,,,,,,,,,,,,,,,,,,,,,,,80,,,,,,,,,,,,,,,,,,,,,,,,80,,,,,,,,,,70,,,,,,,80,,,75,,,,,,,75,,,,,,85,60,,,,,,,,,,,,,,,,,,,,,80,,,,,,,,,,,,,,,,,,75,,,,,,,,,,,,,,,,
The Jackbox Party Pack 8,160.,75,tbd,/game/pc/the-jackbox-party-pack-8/critic-reviews,,,,,,,,,,,,,,,,70,,,,,,,,,,,,,,,,,,,,,,,,,,,,,,,,,,,,,,,,,,,,,,,,,,,,,,,,,,,,,,,,,,,,,,,,,,,,,,,,,,,,,,,,,,,,,,,80,,,,,,75,,,,,,,,,,,70,,,80,,,,,,,,,,,,70,80,,,,,,,,,,,,,,,,,,
Evil Genius 2: World Domination,161.,75,5.0,/game/pc/evil-genius-2-world-domination/critic-reviews,78,,,60,,,80,,70,,,80,75,79,,80,,,,80,,,85,,,,,70,,,,60,80,,,,,70,,,70,70,72,80,,58,80,,,80,,,70,80,80,70,,60,,,,,90,,,,,,,,,,,80,90,80,80,80,,80,,,60,,,85,,,,,,75,75,,,,,,,80,,,,80,,73,,72,,75,,80,,70,,,,,,,,,,,60,,,80,90,,,,,,,,100,80,,,,,100,80,,,,,,80,60,70,,,60,,,80,80,,,
After the Fall,162.,75,6.9,/game/pc/after-the-fall/critic-reviews,,,80,,,,,,,,,,65,,,,,,,,,,,,,,,,,,,,,,,,80,,,,,,,,,,,,,,,,,,,,,,,,,,,,,,,,,,,74,,,,,,60,,80,78,,,,,,,,,,,,,,,,,,,,,,,,,,,,,,,,,,,,,,,,,,,,,80,65,80,,,,,,,,,,82,,,,,,,80,,,,,,,,,,,,,,70,,,
The Medium,163.,75,7.2,/game/pc/the-medium/critic-reviews,,60,,65,60,,,,,,,,45,,,,,85,80,,90,70,60,,,,,,,,,,80,,,,,,,90,,68,90,,,,,75,90,85,80,,,90,,90,84,85,,,,,,95,70,85,,,,50,,,,,,,,80,,80,,,,,,,,,,,,,70,,60,,,,,,65,,70,,80,90,,62,,92,50,75,60,60,,,91,,,,,,,,69,,,,60,,,,,80,,,90,88,60,,,,,80,,,,,,,,,90,,,,,,80,,,
The Elder Scrolls Online: Blackwood,164.,75,4.5,/game/pc/the-elder-scrolls-online-blackwood/critic-reviews,,,,,,,,,,,,,70,,,60,,,,,,,,,88,,,,,,,,,,,,,,,,,,,80,,,,,,,,,,,,,86,,,,,,,,,,,,,,83,,,85,60,,,,,,,70,70,,,,,,,,,,70,,,,,,,75,,,,,,75,,,,,90,,,,,,,,,,,,,,,,,60,,,,,,,,,,80,,,,,,70,,,,,,,,,80,,,,,,,70,,
Total War: Rome Remastered,165.,75,5.1,/game/pc/total-war-rome-remastered/critic-reviews,,,,,,,,,,,,80,80,,,,,,,70,,,,,,,,70,,,,,70,85,,,,,,,,,,,,,,,,,,,,,,60,76,,,,,75,90,,,,60,,,,,85,,,,,,,,,,,70,,,80,,,,,,,70,,,,,,,80,,,,,,80,,,,,80,,80,,,,,,,,,,,,70,,,60,,,,,,70,,,,82,,,,,,80,,,,,,,,85,,,80,,,,,,,
Chernobylite,166.,75,8.0,/game/pc/chernobylite/critic-reviews,,,,,,,,85,80,,70,75,,70,,60,,,,,,,,,,,,,,,,,80,80,,,,,,80,,,,,,,,,80,65,70,80,60,,,,80,80,80,80,70,,,,,,70,,,,,,70,75,,75,,80,,,,75,,,,60,,,,,,,70,,,,,,,,,78,80,,,80,60,79,80,78,60,75,,,,,,,,,88,,60,87,60,,,80,,,,,75,74,,,,78,60,,,,90,,,,,70,,,,77,,,,,85,80,,,,
In Sound Mind,167.,75,8.0,/game/pc/in-sound-mind/critic-reviews,,,,,,,,,,,,,,68,,,,,,,,,,,,,,,,,75,,,,,,,,,,,,,,,,,,,,,,,,,,,,,,100,,,,80,,,,,,,,,,,,,,,,,60,,,,,,,,,,,70,,,,,,,,,,,,,,,66,75,,60,90,,,,,,,,,,,,,,,65,80,,,,,,70,,,,75,75,,,,,80,,,,,,,,80,,,75,,,,,,,
Black Book,168.,75,8.7,/game/pc/black-book/critic-reviews,,,,,,,,,,,,,,,,,,,60,,,,,,,,,,,,,,,,,,,,,,,,,,,77,,,,75,80,,80,80,,,76,,,,,,,,,,70,,,,,,,,,,,,,,,,,,,,,,,,,,,,,,,,,,,,,,,65,,,,,,,,,,,,,,,88,,70,,68,,,,,,,,,,,,,,85,,,,,,,,,,,,,,,,,,,,,,,
"Warhammer 40,000: Battlesector",169.,74,7.6,/game/pc/warhammer-40000-battlesector/critic-reviews,,,,,,,,,,,,75,,82,,80,,,,60,,,,,,,,,,,,,70,70,,,,,,,,,,,,,,,75,,,,,,,,61,80,,,,,,,,,60,,,,,,,,,,,,,,,80,80,,,74,,,,96,,,,,,,,,,,,,,,,68,,,,74,,80,70,,,,,,,,,,,,74,,,,,,,,85,70,,,,72,,,,,,,,,,,,,,,,,,,,80,,,,
Severed Steel,170.,74,6.3,/game/pc/severed-steel/critic-reviews,,,,,,,,,,,,75,,,,,,,,,,60,,,,,,,,,,,,,70,,,,,,,,,,,,,,,85,,,,,,,,,,,,,,,,,,,,,,,,,,80,,,,,,,,,,78,70,,,,,,,,,,,,,,,,,,,70,,,,,,,,,,,,,,,,,,,67,,,,,,,,80,,,,,,80,,,,80,,,,,,,,,,,,,,,,,,80,
Strangeland,171.,74,7.9,/game/pc/strangeland/critic-reviews,,80,,,,,,,,,,80,,,,,,,80,,,,,,83,,,,,,,60,,,,,,,,,,,,,,,,,85,,70,80,,,70,,,,,,,,,,,,,,,,,,,,,,,,,,,,,,,,,,,,,,,88,,,,,,,,78,,,,,,,,69,,,,,,,,,,,,,,84,,,,,,90,,,,,,,,,50,,,,,,,,,,,,,,,,,,,,,,,
Insurmountable,172.,74,tbd,/game/pc/insurmountable/critic-reviews,,,,,,,,,,,,65,,,,,,,,,,,,,,,,,,,,,,,80,,,,,,,,,,,,,,75,,,,,,,,,,,,,,,,,,,,,,,,,,,,,,,,,,,,,,,,,80,,,,,,,,,,,,,,,,58,,,,,,85,,,,,,,,,,,,,,,,,,,,,,,,,,,,,,,,,,,,,,,,67,,,,,,,85,,,
Assassin's Creed Valhalla: Wrath of the Druids,173.,74,6.0,/game/pc/assassins-creed-valhalla-wrath-of-the-druids/critic-reviews,,,,,,,,,,,,,,,,,,,,,,,,,,,,,,,,,,,,,,,,,,,,,,,,,,,,,80,,,,,,,,,,,,,,50,,,,,,,75,,90,,,,,,,,,,,,,,,,,65,,,,,,,,,,72,,,75,,,,,,80,80,60,,,,,,,,,,,,,,,,,,,,,,,,80,,,,,,,,,,,,,,,,,80,,,,68,85,,
Aeterna Noctis,174.,74,7.9,/game/pc/aeterna-noctis/critic-reviews,,,,,70,,,,,,,,,,,80,,,,,,,,,,,,,,,,,60,63,,,,,,,,,,,,,,,,,,80,,,,,,,,,,,,,,,,,,,,,,,,,,,,80,77,,,,,,,,80,,,,,,,,,,,,,81,,,,,,,,,,,,,,,,,,,,,,,,,,70,,,,,,67,,,,,,,,,,,,,,,,,,80,,,,,,,70,,,
Far Cry 6,175.,74,3.6,/game/pc/far-cry-6/critic-reviews,,,,,83,,,,,,,,,,,,,,,,,,,,,,,,,,80,,,,,,,60,,,70,,,,,,70,,,65,,,,,,70,77,65,,,,75,,,,86,,,,,,85,,85,,,,,,,,,,,70,,,,,,,,80,,,,,,80,,,,80,,70,,80,,,75,80,80,70,,,,,,,,,,,70,64,,,,80,40,,,,78,45,,,94,,,,,,,,90,,,,,,,,,74,,,,81,,,
Lost Words: Beyond the Page,176.,74,8.2,/game/pc/lost-words-beyond-the-page/critic-reviews,79,60,,,,,,,,,,,,,,,,80,,,,,,,,,,,,,,,,,,,,,,,,,,,,,,,,,,,,90,,,,,,,,,,,,,70,,,,,,,,,80,,,60,80,,,,,,,,,,70,,,,,,,,,,,,70,,,,,,,70,,,75,,,,,,,,,,,,,,,,,,,,,,,,,,,80,,,,,,,,,,,,,,,70,,,,,80,,,
Toodee and Topdee,177.,74,8.6,/game/pc/toodee-and-topdee/critic-reviews,,,,,,,,,,,,,,,,,,,,,,80,,,80,,,70,,,,60,,,,,,,,,,,,,,,,,,,,,,,,,,,,,,,,,,,,,,,,,,,,,,,,90,,,,,,,,,,,,,,85,,,,,,,,,,,,,,,,,,,,,,,,,,,,,,,,,,,,,,,,,,,,,75,,,,,,,,,,,,,,80,,,,,,,,,
Cris Tales,178.,74,7.9,/game/pc/cris-tales/critic-reviews,,,,,,,,,,,,,,,,,,,,,,,,,,,,,,,70,,80,87,,,,,,,,78,,,,,,,90,,,,70,,,80,,,80,,60,,,,,80,,,,,,,,,80,,80,,,,,55,70,,,,,,,,,,75,,,60,,,,,,,,70,65,85,,,,57,,,,,80,,,,,,,70,,71,,,,80,,,,,,73,,,,,,,,,,90,80,,,60,,,,,,,75,,,,,,,
Unplugged (Vertigo Games),179.,74,tbd,/game/pc/unplugged-vertigo-games/critic-reviews,,,,,,,,,,,,,,72,,,,,,,,,,,,,,,,,,,70,,,,,,,,,,,,,,,,,,,,,,,,,,,,,,,,,,,,,,,,,75,,,,,,80,,80,,,,73,,,,,,,,,,,,,,,,,,,,70,,,,,,,,,,,,,,,,,,,,60,,,,,,,,70,,,,86,,,,,,,,,,,,,,83,,,,,,,67,,,
WRC 10 FIA World Rally Championship,180.,74,4.3,/game/pc/wrc-10-fia-world-rally-championship/critic-reviews,,,,,,,,,,,,80,,,,,,,,,,70,,,,,,,,,,,,65,,,,,,,,,,,,,,,,,,,,73,,,79,,70,80,,,,,,,,,,,,,,,,,,70,,80,,,,,,79,,,,,,,80,,,,,,,,,,,,,70,,72,,,,,,70,,,,,,,,,,,,,,70,70,,,,,,,,,,,,,,,,,,,,,,,,,,,,,,,,,
Samurai Warriors 5,181.,74,7.6,/game/pc/samurai-warriors-5/critic-reviews,,,,,,,,,,,,75,,,,,,,,,,70,,,,,,,,,,,70,,,,,,,,,,,,,,,,,100,,,,,,,,,,,,,,,,,,,,,,,,,,,,,,,,,70,,,,,,,,,,70,,,,,,,,,,,,,70,,,,,,65,,,,,,,,,,,,,,,,,,,,,,,,,,80,,,,,,,,,,,,,,,,,,,,,,,,
Narita Boy,182.,74,7.2,/game/pc/narita-boy/critic-reviews,,,,,,,,76,,,,65,,,,70,,,,,,,,,,,,,,,,60,80,,,,,,,,,,,,,,,,65,,80,60,,,,,,,,,,,,,,,,,,,,74,,,,80,,60,,,89,,60,,,,,,,,,,80,75,,,,,78,,,80,,,,88,,,,70,,90,,,,,,,,,,,,80,,,,,70,,,,,,,,,85,80,,,,90,,73,,,,,,,80,,,,,,,,,,
Nebuchadnezzar,183.,73,5.7,/game/pc/nebuchadnezzar/critic-reviews,80,,,,,,,,,,,70,,,,,,,,,,,,,,,,,,,,,,,,,,,,,,,,,,,,,,,,,,,,,70,,,,,,,,,,80,,,,,,,,,,,,,,,,,,,,,,,,,,,50,80,,,,,,,,,,,,,,,74,70,,,,,,,,,,,,,75,,,,,,,,,,,,,,,,,,,,,,,,,,,,,,,,,,,,,,
Wasteland 3: The Battle of Steeltown,184.,73,7.5,/game/pc/wasteland-3-the-battle-of-steeltown/critic-reviews,,,,,,,,,,,,70,,67,,,,,,,,,,,,,,,,,,,,,,,,,,,,,,,,,,,60,,,,,,,,,,,,,,,,,,,,,,,,,,,,,,,,,,,,,75,,,,,,,70,,,,,,,,,,,,,80,,,,,,75,,,,,,,,,,,,,,,,,,,,,,,,,,76,,,,,,,,,,,,,,,,,80,,,,80,,,
No Longer Home,185.,73,tbd,/game/pc/no-longer-home/critic-reviews,,,,,,,,,,,95,,,60,,,,,,,,,,,,,,,,,,70,,,,,,80,,,,,,,,,,,70,,,,,,,,,,,,90,,70,,,,,,,,,,,75,,,,,,70,,,,,,,,,,72,,,,75,,,,,,,,,72,,,60,,,,,,,,,,,,,,,,,,,,,,,,,,,,,,,,,,,,,,,,,,,,,,,,,,,,,,,,
Tribes of Midgard,186.,73,7.9,/game/pc/tribes-of-midgard/critic-reviews,,,,,,,70,,,,,,,84,,,,,,,,,,,,,,,,,,,70,70,,,,,,,,,,60,,,,,,70,,,,,,,72,,,,,,,,,,,,,,,85,70,75,90,75,,,,70,,,70,,,,,,,,,,60,,,,,,,75,,,,,,,,,,,,60,,,,,,,,,,,,,,,,90,,,,,,,,,,,70,,,,,,,,,80,,,,,,,,,,,,,,
Watch Dogs: Legion - Bloodline,187.,73,7.9,/game/pc/watch-dogs-legion---bloodline/critic-reviews,,,,,,,,,,,,,,,,,,,,,,,,,,,,,,,,,,,,,,,,,,,,,,,,,,,,,70,,,,,,,,,,,,,,,,,,,,,,,85,,,,,,,,,,,,,,,,,,,,,,,,,,,,,,,,,75,,,,,70,,,91,,,,,,,,,,,,,,,,,,70,,,,,,,,,50,,,,,,,,,,,,,,70,75,,,
Medieval Dynasty,188.,73,7.3,/game/pc/medieval-dynasty/critic-reviews,,,,,,,,,,,,70,,,,,,,,,,,,,,,,,,,,,,,,,,,,70,,,,,,,,,,,,,,,,,74,,,75,,,,,,,,,,,,,,75,,,,,,,,,,,,70,,,,,,,,,,,,,,70,,,,,,75,,,,74,60,80,,,,,,,,,,,,78,,,,,,,,,,70,,,,,,,,,,,,,,,,,,,,,,,80,,,,,
Minute of Islands,189.,73,7.0,/game/pc/minute-of-islands/critic-reviews,84,100,,,,,,,,,,65,,70,,90,,,,,,,,,,,,,,,,60,70,,,,,,,,,,,,,,,,,,,,,,,,,,,,,,,,,,,,,,,,,,,,,60,,,,,,,,,,70,,,,,,,,,,,,,,,,,,78,,,,,,,,,70,,,,,,,,,,,,,80,,,,,,,,,,,,,,,,,,,,,,,,65,,,,,,,,,,
The Ascent,190.,73,7.8,/game/pc/the-ascent/critic-reviews,,,,,,,,64,,,,,,92,,90,50,,,,,,,,,,,,,,,60,80,,,,,,,,,73,,,,79,,,,,,,,,,60,64,,60,80,,,,85,,76,,,,,,,,80,90,70,60,,,,,,70,,60,85,80,70,,90,,,80,,,,,,67,70,90,,74,,,75,60,71,55,84,70,85,70,,,,,,,,58,,,79,,,,,90,,,70,,72,,80,,84,70,,,,,80,,,,60,,80,80,70,,,,,,,,,,
Oddworld: Soulstorm,191.,73,6.3,/game/pc/oddworld-soulstorm/critic-reviews,,,,,,,,,,,,,,,,70,,,,,,,,,,,,,,,,,,,,,,,,,,,,,,,75,,,,,70,,,,60,,,70,,,,,,,,,,,,,,,,,80,,,,,,,70,,,,,,,88,,,,,,,,,,,75,,,,75,,,,,65,70,85,,,,,,,,,,,,89,,,,,,,,,,,,,,,,,,,,,,,,,,,,,,,,,80,,,,,
Outriders,192.,73,5.7,/game/pc/outriders/critic-reviews,,,,,,,60,,,,,75,,,,,,,50,,,,,,,,,,,,,70,,,,,,,,,,90,80,80,,,,,,50,,,70,,,80,83,,,,,,,,,,,,,70,,,,80,80,,,,,,,,,,,,,,,,,,75,,,,55,,,,,75,70,,75,75,,,,63,60,75,70,60,,,75,,,,,,,80,72,,,,,,,,,,,,,82,,,,,70,,,,,,,,,,,,75,,,,68,,,
Tandem: A Tale of Shadows,193.,73,tbd,/game/pc/tandem-a-tale-of-shadows/critic-reviews,,70,,,,,,,,,,,,70,,70,,,,,,,,,,,,,,,,,,,,,,,,,,,,,,,,,,,,,,85,,,,,,,40,,,,,,,,,,,80,,,,,,70,,70,,85,,,,,,,,78,,,,,,,,,,,,,,,,80,60,,,,,70,,,,,,,,,,,,,,,,90,,,,,75,,,,,,,,,,,,,,,,,,,,,,,,,,70,,,
Killsquad,194.,73,7.0,/game/pc/killsquad/critic-reviews,,,,,,,,,,,,,,,,,,,,,,70,,,,,,,,,,,60,,,,,,,,,,,,,,,,,,,,,,,,,,,,,,,,,,,,,,,,,75,,75,,,,,,68,,,,,,,,,,,,,,,,,,,,84,,,,,,,,,,,,,,,,,,,,,,,,,,,,,,,,,,,,78,,,,,,60,,,,,,,,,,,,,,,,,,
Encased: a sci-fi post-apocalyptic RPG,195.,73,7.7,/game/pc/encased-a-sci-fi-post-apocalyptic-rpg/critic-reviews,,,,,,,,,,,,85,,80,,,,,60,,,,,,,,,,,,,,70,,,,,,,,,,,,,63,,,,,,,,70,70,,76,,,70,,,,,,,80,,,,,,,,,,,,,80,,,,,,77,,,,,,,70,,,,,,,,,,,,,74,,,,,,90,,,,,,,,,,,,83,53,,,,,,,,,,,,,75,,,,,,,65,,,,,,,,,,77,,,,,,,
Sniper Ghost Warrior Contracts 2,196.,73,7.1,/game/pc/sniper-ghost-warrior-contracts-2/critic-reviews,71,,,,75,,,,,,,80,,75,,,,,,,,,,,84,,,,,,,,,65,,,,,,75,,,,,,,,,75,80,70,,,,,,75,,,,,,,,,,,,,,,,,75,60,,,,,,,,60,,,,,,,,,,80,,,,,,,,,,,,,,60,70,,80,,70,,,,,,,,,,,,90,,,,,,,,,75,,,,,,,,,,70,,,,,,,,,,,,70,,,,,,,
The Dark Pictures Anthology: House of Ashes,197.,73,7.9,/game/pc/the-dark-pictures-anthology-house-of-ashes/critic-reviews,,80,,,,,,,,,,,85,,,30,,,,,,,,85,,,,,,,,,,,,,,,,,,,,,,78,,,90,,,,,,,,,,,,,,,,,,,,,,,74,,,,,,,,,,60,,,,,,,,,,,75,,,70,,,,,,,75,,,,,,,80,60,80,,,,,,,,,,,,,72,,,,80,,,20,,,,,,,,,,,80,,79,,,,,,,,,,90,,,,,,,
Behind the Frame: The Finest Scenery,198.,73,8.3,/game/pc/behind-the-frame-the-finest-scenery/critic-reviews,,,,,,,,,,,,50,,,,,,,,,,,,,,,,,,,,,,,,,,,,,,,,,,,,,,,,,,75,,,,,,,,,,,,,,,,,,,,70,,,,,,,,,,,70,,,,,,,,70,,,,,,,,,,,,,80,,,85,,,,,,,,,,,,,,,,,,,,,,,,,,,,,,,,,,,,,,,,,,,,,,,,80,,,,,
Mundaun,199.,72,6.8,/game/pc/mundaun/critic-reviews,,80,,,,,,,,,,,50,68,,,,,,,,,,,,,,,,,,70,,,,,75,,,,,78,,,,,,,,,,,,,,80,,,50,,,,,,90,,,,,,83,,70,,,,,70,,,,,,,,,,,,,,,,70,,,,,,,,,,,,,,,90,,60,85,,,,,,,,,79,,,,,,,,70,,,70,,,,,,,80,,,,70,,,,,,,,,70,,70,,,,,,,,
Cozy Grove,200.,72,5.9,/game/pc/cozy-grove/critic-reviews,,,,,,,,,,,,,,,,,,,,,,,,,,,,,,,,,,,,,,,,,,,,,,,,,,85,,,,,,,,,,,,,,,,,,,,,,,,,,70,,80,,,,,,,,,,,,,,,70,,,,,,,,,65,,,,,,,,,70,,,,,,,,,,,,,,,,,,90,,,,,,,,,,,,,,,,,,,,,,,57,,,,,,,,,,
Backbone,201.,72,6.8,/game/pc/backbone/critic-reviews,65,80,,,,,80,,,,,75,,90,,70,,70,,,,,70,,,,,,,,,70,70,,,,,70,,,,,,,,,,,85,,60,,,,60,,,,,,,,,,,,,,,,,,,65,80,90,60,80,,60,,,,,,,,,,,,,,73,,,,,,,,,,,,,,60,75,,,75,,,,,,,,,78,,,65,,,,100,60,,,,85,,,,,,80,,,,,,,,,,,,,,,,,,,,65,,,
TOHU,202.,72,6.8,/game/pc/tohu/critic-reviews,,80,,,,,,,,,,65,,,,,,,,,,,,,80,,,,,,,,,,,,,,,,,,,,,,,,,,,,,,,,,,,,,,,,,,,,,,,,,,,,,80,100,70,,55,,,,,,,,,,,,,,,,,,,,,,,,,,,,76,80,,,,,,,,,,,,,,52,,,,,,,,,,,,,,,,,,,,,,,,,,,,,,,,,,,,,
Disciples: Liberation,203.,72,4.4,/game/pc/disciples-liberation/critic-reviews,,,,,,,,,,,,,,,,,,,,,,,,,,,,,,,,,,,,,,,,,,,,,,,,,,,,70,,75,,,71,,,,,,,,,,,,,,,,,,,,,,,,,,70,,,,,,,,,,,,,,,,,,,,,,,60,,,,,70,,,,,,75,,,,,,,86,,,,80,,,,,,,,,,68,,,,,,,,,,,,,,,,,,,,,,,,
Before We Leave,204.,72,7.3,/game/pc/before-we-leave/critic-reviews,,,,60,,,,,,,,,75,,,,,,,,80,,,,,,,,,,,,,,60,,,,,,,,,,,,,,75,,,,80,,,,70,,,,70,,,,,,,,,,,,,,,,,,,,,,,,,,,,,90,,,65,70,80,,,,70,,,,,,,55,,,,71,,,,,,,,,,,,,,,,,,50,,80,,,,,,,,86,70,,,70,,,,,,,,,,,,,,,80,,,,,
Greak: Memories of Azur,205.,72,7.2,/game/pc/greak-memories-of-azur/critic-reviews,,,,,,,,,,,,60,,,,80,,,,,,,,,,,,,,,,,,,,,,,,,,,,,,,,,,,,,,78,,,,,,,,,,,,,,,,,,,,,70,,,,,,,,,,,,,,,84,,,,,,,,,,,,,,,,,,,70,,,80,,,,,,,,,,,,75,,,,,,,,50,,,,,,,,,,,,,,,,,,,,,,,,,,,,,,
Hextech Mayhem: A League of Legends Story,206.,72,7.3,/game/pc/hextech-mayhem-a-league-of-legends-story/critic-reviews,,,,,,,,,,,,,,71,,,,,,,,,80,80,,,,,,,,,,75,,,,,,,,,,,,,,,,,,,,,,,,,,,,,,,,,,,,,,,,,,,,,,,,,,,60,,,,,,,,70,,,,,,,,,,,,,70,,,,,80,,,,,,,,,,,,,63,,,,50,,,,,,,,,,77,,,,,,,80,,,,,,,70,,,,,,,,,,
Immortals Fenyx Rising: The Lost Gods,207.,72,2.9,/game/pc/immortals-fenyx-rising-the-lost-gods/critic-reviews,,,,,,,,,,,,,,,,,,,,,,,,,85,,,,,,,,,,,,,,,,,,,,,,,,,,,,60,80,,,,,,,,,,,,,,,,,,,,,,,,,,,,,,,,,,,,,,,,,,,,,,,,,,,,75,,,,,,,,,,,,,,,,,,,,,,,,,,,,,,,,,,,,,,,73,,,,,,,,,,75,,,,55,,,
Endzone: A World Apart,208.,72,7.0,/game/pc/endzone-a-world-apart/critic-reviews,76,,,,,,,,,,,75,,,,,,,,,,,,,,,,,,,,,,,,,,,,70,,,,,,,,,,,,,,80,,,79,,,,,,,,,,50,,,,,,,,,,,,,,,,,,,,,,,,,,75,,,,,,,,,,,,,,,,,,70,60,,,,,,,,,,,,,,,,,,,,,,,,,,,,,,,,,,,,,,,,,,,,,,,,,,
Immortals Fenyx Rising: A New God,209.,72,3.3,/game/pc/immortals-fenyx-rising-a-new-god/critic-reviews,,,,,,,,,,,,,,,,,,,,,,,,,,,,,,,,,,,,,,,,,,,,,,,,,,,,,70,70,,60,,,,,,,,,,,,,,,,,,90,,,,,,,,,,,,,,,75,,,,70,,,,,,,,,,,,,75,,,,,,,,,,,,,,,,,,,,,,,,,,,,,,,,,,,,,,,75,,,,,,,,,,73,,,,,,,
Gamedec,210.,72,6.9,/game/pc/gamedec/critic-reviews,,,,,,,,,,,90,90,,70,,60,,,,,,,,,,,,,,,,,70,55,,,,,,75,,,,,,62,,,,,60,,,,,,84,,,80,,,,,,77,70,,,,,,,60,,,,,,70,,,,,,78,,,,88,,,,90,,,,,,65,,,70,,,67,,,,58,,50,,,80,,,,,,83,,60,85,64,,,,80,,,,,,,,,82,60,,,,,,,,,,,,,,,,,,,,80,,,
Call of Duty: Vanguard,211.,72,3.3,/game/pc/call-of-duty-vanguard/critic-reviews,,,,,,,,,,,,,70,,,,,,,,,,,,,,,,,,70,,,,,90,,,,,,80,,,55,63,75,,,,,,,,,,82,,,,,,,,,82,,,,,100,,,90,,,60,,60,,,,,,,,,,,,,,,,,50,65,,,,,,70,,75,,80,70,,60,80,70,80,,,,,,,,,,,,63,,,,80,,,,,76,,,,80,,,,,,,,,60,,,60,,,,,,,,,75,,,
Turnip Boy Commits Tax Evasion,212.,72,6.4,/game/pc/turnip-boy-commits-tax-evasion/critic-reviews,,,,,,,70,,,,,,,,,,,,,,,70,,,,,,,,,,70,,,60,,,,,,,,,,,,,,,85,,,,,,70,,,,,,,,,74,,,,,,,,,,,,,,,,,,,,,,,,,,,,75,73,,,,,,,,70,,,,,,60,,,80,,,,,,,,,,,,,,,,,,80,,,,,,,,,,,,,,,,,,,,,,,,,,,,,,,,,
Rogue Lords,213.,72,4.2,/game/pc/rogue-lords/critic-reviews,,,,,,,,,,,,,,78,,70,,,,65,,,,,,,,,,,,,,,,,,,,,,,,,,,,,,,70,,60,80,,,,,,,,,,,,,,,,,,,,45,,,,,,80,,87,,,90,,,,,,,,75,77,,,,,,,,,,,75,,,,,,,,,,,,,,,,,,,,,,,50,,,,,,,,,,,,,,,,,,,,,,,,,,,,,,,,,,
El Shaddai ASCENSION OF THE METATRON,214.,71,tbd,/game/pc/el-shaddai-ascension-of-the-metatron/critic-reviews,,,,,,,,,,,,,,,,,,,,,,,,,,,,,,,,,,,,,,,,,,,,,,,,,,,,,,,,,,,,,,,,,,,,,,,,,,,,,,,,,,,,,,,,,,,,,,,,,,,,,,,,,,,,,,,,,,,,,,,,,,,,,,,,,,,,,,,,,,,,,,,,,,,,,,,,,,,,,,,,,,
Mighty Goose,215.,71,7.4,/game/pc/mighty-goose/critic-reviews,,,,,,,,,,,,75,,,,,,,,,,,,,,,,,,,,,,,,,,,,,,,,,,,,,,,,,,,,,,,,,,,,,,,,,,,75,,,,,,,,,,,,,,,,,,,,,,,,,,,,,,,,,,,,,,85,,,80,,,,,,,,,,,,,,,,30,,,,,80,,,,,,75,,,,,,,,,,,,,,,,,,,,,,,
Ninja Gaiden: Master Collection,216.,71,4.3,/game/pc/ninja-gaiden-master-collection/critic-reviews,,,,,,,,,,,,80,,,,,,,,,,,,,77,,,,,,,,,,,,,,,,,,,,,,,,75,,,,,,,,,,,70,80,,,,,,,,,,,,,,,,,,,,,,,,,,,,,,,,70,,,,,,,,,,,,,,,,,,,70,,70,,,,,,,,,,65,65,,,,,,,,,,,,,,,,,,,70,,,,,,,,,,,,,,,,,,
Mutropolis,217.,71,7.9,/game/pc/mutropolis/critic-reviews,75,90,,,,,,,,,,,,,,,,,,,,,,,60,,,,,,,,,,,,,,,,,,,,,,,,,,,70,,,,,,,,,,,,,,,,,,,,,,70,,,,,,90,,,,,,,,,,,,,,,,,,,,,,67,,,,,,,,,,60,,,,,,,,,,,,85,,,,,,,,,,,,,,,70,,,,,70,,,,,,,,,,60,,,,,,,,
The Longest Road on Earth,218.,71,5.8,/game/pc/the-longest-road-on-earth/critic-reviews,,,,,,,,,,,,,,,,,,,,,,,,,,,,,,,,,,,,,,,,,,,,,,,,,,,,,,,,,,,,,,,,,,,,,,,,,,,,,,,,,,,,,,,,,,,,,,70,,,,,,,,70,,,,,,,,,,,,,,,,,,,,,,,,,,70,,,,,,70,,,,,60,,,,,,,,,70,,,,90,,,,,,,,,,
Operation: Tango,219.,71,7.8,/game/pc/operation-tango/critic-reviews,,80,,,,,,,,,,,,,,60,,,,,,,,,,,,,,,,70,60,72,,,,,,,,,,,,,,,,,,,,,,,,,,,,,,,,,,,,,,,,,,,,,,,,,70,,,,,,,,,,70,,,,,,,,,,,,,80,,,,,,,,,,,,,,,,,,,,,,80,,,,,,,,,,,,,,,,,,,,,,,,,,,,,,,,75,,
Song of Iron,220.,71,3.8,/game/pc/song-of-iron/critic-reviews,,,,,,,,,,,,75,,,,,,,,,,,,,,,,,,,,,,,,,,,,,,,,,,,,,,,,,,,,,,,,65,,,,,,,,,,,,,,,,,,,,100,,,,,,,,,,,,,,,,,,,,,,,,,,75,,58,,,,,,,,,,,,,,,,,,,,,,,,,,,,,,,,,,,,,,65,,,,,,60,,,,,,,,,,
Naraka: Bladepoint,221.,71,7.0,/game/pc/naraka-bladepoint/critic-reviews,,,,,,,,,,,,80,,72,,,,,,,,,,70,,,,,,,,60,60,75,,,,,,,,,,,,,,,,,,,,,,60,75,,,75,,,,,,,,,,,,,,,,,,,,,,,,,,80,,,,,,,75,,,,,,,70,,,,,,80,60,,90,73,,80,60,,,,,,,,,,,,,,,80,,,,,,72,,,,,,,,,,,,,,,,,,,,,70,,,,,,,
Hoa,222.,71,8.3,/game/pc/hoa/critic-reviews,,,,,,,,,,,,70,,,,70,,,,,,,,,,,,,,,,,70,,,,,,,,,,,,,,,,,,,,,,,,,,,70,,,,,,,,,,,,,,,,,,,,,,,,,,,,,,,,,70,,,,,,,,,,,,,70,,,80,,,,,,,,,,,,,,,,,,,,80,,,,,69,,,,,60,,,,,,,,,,,,,,,,,,,,,,,
Breathedge,223.,71,7.4,/game/pc/breathedge/critic-reviews,59,,,,,,,,,,,70,,,,,,,,80,,,,,,,,,,,,,70,,90,,,,,,,,,,,80,,,,90,,,80,90,,,72,,,,,,,,,,,,,,,,,,,,,,,,,,50,,70,,,,,98,,,65,57,,,,,,,,80,,,,75,,,,,,70,,,,,,,,,,,,,65,,,,,,,,,,,,,,65,,,,,,,,,,,,,60,,,,,,,,,,
White Shadows,224.,71,7.4,/game/pc/white-shadows/critic-reviews,,,,,,,,70,,,,,,,,,,,,,,,,,,,,,,,,,,,,,,,,,,,,,,,,,,,,,,,,,,,,,,,,,,,,,,,,,,,,,,60,,80,,,,,,,,,,,,,65,,,,,,,,,,,,,,,60,85,,,75,,,,,,,,,,,,,,,80,,,,,,,,,,,,,,,,,,,60,,,,,,,,,,,,,,,,
Lake,225.,70,6.6,/game/pc/lake/critic-reviews,,80,,,,,,,,,,,,,,,,,,,,,75,,,,,,,,,60,,80,,,,70,,,,,,,,,,,,70,,,,,,,,,70,80,,,,,,,,,,,,,,,,,,,,70,,,,,,75,,,,,,,65,,,,,,,,,,,,,76,80,,70,,,75,,,,,,,,,73,,,,59,,,60,,,,,,,,,,90,,,,,,,,,,,,,,70,,,,,,,60,,,
Dice Legacy,226.,70,tbd,/game/pc/dice-legacy/critic-reviews,,,,,,,,,,,,70,,82,,,,,,,,,,,,,,,,,,,80,,,,,,,,,,,,,,,,70,,,,50,,,,63,,,,,,,,76,,,,,,,,,,,,,,,,,,,,60,72,,,,,,,70,,,,,,,,,,,,70,85,,,,70,70,,,,,,,,,,,,,,,,,,,,,,,67,,,,80,,,,,,,,,,,,,,,,,,,,,,,,
Last Stop,227.,70,6.9,/game/pc/last-stop/critic-reviews,,70,,,,,,,,,,75,,,,70,70,,,,,,,,,,,,,,70,70,,70,,,,,,,,80,,,,,,,,,,,80,,100,,,,,,,,,,,,,,,,,,,,,70,,70,,,,,60,,,75,,,,,,,65,,,70,,,,,,,,,,80,80,,65,70,,80,,,,,,,,,,,,,,,,60,60,,,40,,60,,,,,,,,,,80,,,,60,,,,65,,,,,,80,,,,
Maquette,228.,70,4.9,/game/pc/maquette/critic-reviews,,60,,,,,,,,,,,,,,70,,70,,,,,,,,,,,,,,,,,,,,60,,,,,,,,,,,80,,,,,,,,71,,,,,,,,,,,,,,,70,,,,,80,70,,,,,70,,,,,,,,,,,,,75,,,,,,70,,,,,,,,73,,75,,,,,,,,,,,,,,,,,,,,,,,,,,,70,,,,40,,,,,,,,,,,,,,,,80,,,
Boyfriend Dungeon,229.,70,5.2,/game/pc/boyfriend-dungeon/critic-reviews,,,,,,,,,,,,70,,,,,,,,,,,,,,,,,,,,,,,,,,,,,,70,,,,,,,,75,,,,,,,74,,,,,,,,,,50,,,,,,,,,,80,,,,,,60,,,,,,,,,,70,,,75,,,,,,,,,,,,,70,,,,,,,,,,,,81,,,,,,,,,,,,,,,,,,,,,,,,76,,,70,,,,,,,,,,,,,,
Scarf,230.,70,8.3,/game/pc/scarf/critic-reviews,,,,,,,,,,,,,,,,,,,,,,,,,,,,,,,,,,,70,,,,,,,,,,,,80,,,30,,,,80,,,,,,,80,,,,,,,,,,,,,,,70,,,60,,,,,,,73,,,,74,,,65,,,,,,70,,,,,,,60,,,,,,80,,,,,,,,,,,,,,,80,80,,,,,,72,,,,,70,,,,,,,,,,,,,,,,,,70,,,,,
Gods Will Fall,231.,70,4.4,/game/pc/gods-will-fall/critic-reviews,,,,,,,,,,,,,,,,,,,,,,,,,,,,,,,,80,,,,,,,,,,,,,,,,,40,70,,60,,,,,78,,,,,,,,,,,,,,,,,,,,,,,70,,,,,,,,,,,,,65,,,,,,,,,65,,,,,,,,84,60,75,,,,,,,,,,,,,,,,,,,,,,68,,,,,,,,,50,,,,,,,,,,,,80,,,,,,,
New World,232.,70,5.2,/game/pc/new-world/critic-reviews,,,,,,70,,,,,,,75,82,,,,,,,,,,70,72,,,,,,,,,,,,,,,75,,,,,,,,,,75,,,,70,,60,69,,,,,65,60,80,,,60,,,,,65,,,70,85,,,,80,,,60,,80,,,,,,,,80,,,,,,80,60,,,,,80,75,80,60,,60,80,,60,,,,,,,,,,,,,,,,70,,,,,,,,,,,,,,70,,80,,,70,,,,,,,,,,70,,,,
Blue Fire,233.,70,7.1,/game/pc/blue-fire/critic-reviews,68,,,,,,,,,,,60,,,,,,,,95,,,,,,,,,,,,,,,,,,,,,,,,,,,,,,60,,,60,,60,50,,,,,,,,,,,,,,,,,,,,,,,,,,,80,,,,,,,85,,,,,,,,,,,,84,,,,60,,,80,,,45,,,,,,,,,,,,,,,,,,,,,,,,,,,80,,,,,,,,,,,,,,,,,,,,69,,,
This Is the President,234.,70,8.0,/game/pc/this-is-the-president/critic-reviews,,,,,,,,,60,,,,,,,,,,,,,,,,,,,,,,,,,,,,,,,,,,,,,,,,,70,,,,,,,,,,,,,,,,,,,,,,,,80,,,,,,80,,,,,,,,,,,,,,,,,,,,,,,,,,68,,,,,60,,,,,,,,,,,,,,,,,60,,,,,80,,,,,,,,,,,,,,,,,,,,,,,,,,,,,
NUTS,235.,70,6.1,/game/pc/nuts/critic-reviews,,90,,,,,,,,,,80,,,,,,,,65,,,,,,,,,,,,70,,,,,,,,,,,,,,,,,,,,,,,,40,,,,,,,,,,,,,,,,,,,,,,,,,,,70,,,,,,,,,,,,,,,,,,,,,,,,,,,,,90,,,,,,,,,,,,,,,,,,,,,,,,,,,,,,,,,,,,,,,,,,,,,80,,,,,
Fatal Frame: Maiden of Black Water,236.,69,5.0,/game/pc/fatal-frame-maiden-of-black-water/critic-reviews,,,,,,,,,,,,,,,,,,,,,,60,,,,,,,,,,,,,,,,,,,,,,,,,,,,80,,,,,,,,,,60,,,,,,,,,,,,,,,,,,,,,,,,,,,,,,,,,60,,,,,,,,,,,,80,,,,,,,75,,,,,,,,,,,,78,,,,,,,,,,,,,,,,,,,,,,,,,,,,,,,60,,,70,,,,
Moncage,237.,69,tbd,/game/pc/moncage/critic-reviews,,,,,,,,,,,,,,,,,,,,,,,,,,,,,,,,60,70,,,,,,,,,75,,,,,,,,,,,,,,,,,,,,,,,,85,,,,,,,,,,,,,,,,,,,,,,,,,,,,,,,,,,,,,,,,,,,,,,,,,,,,,,,,,,,,,,,,,,,,,,,,,40,,,,,,,,,,,,,70,,80,,,,,,,,
Sword of the Necromancer,238.,69,7.5,/game/pc/sword-of-the-necromancer/critic-reviews,58,,,,,,,,,,,65,,,,,,,,,,,,,,,,,,,,,,,,,,,,,,,,,,,,,,70,,,,60,,,,,,,,,,,,,,,,,,70,,85,,55,,,,,,93,,,,,,,,85,,,,,,,,,,,,,,,,,,,55,,,,,,,,,,,,,,,,,,,,,,,,75,,,,,,,,,,,70,,,,,,,,,,,,,,,,,,
The Invisible Hand,239.,69,tbd,/game/pc/the-invisible-hand/critic-reviews,,,,,,,,,,,,60,,,,60,,,,75,,,,,,,,,,,,,,,,,,,,,,,,60,,,,,80,,,,,,,,,,,,,,,,,,,,,,,,,70,,,,,,70,,,,,,,,,,,,,,75,,,,,,,,,,,,,,,,,,65,,,70,,,,,,,,,,,,,,,,,,75,,,,,,,,,,,,,,,,,,,,,,,,,,,,,
Aliens: Fireteam Elite,240.,69,5.7,/game/pc/aliens-fireteam-elite/critic-reviews,,,,,,70,,50,,,,70,,,,70,90,,,,,,55,,,,,,,,,,50,,,,,,,,,,,,55,58,,,,75,,,,70,,80,78,70,,,,,,,,,,,,,,,,100,,70,,,,,,,70,,70,,,60,,,,,70,,,,,,,80,,,,,,65,80,55,65,73,70,70,,70,,,,,50,,,,,,,,,,60,,,,,,35,,,78,,,,,80,70,,,,,,,,,,,,,,,,,,
Out of Line,241.,69,8.3,/game/pc/out-of-line/critic-reviews,,,,,,,,,,,,75,,,,,,,,,,,,,,,,,,,,,,,,,,,,,,,,,,,,,70,,,,,,,,,,,,,,,,,,,,,,,,,,,,,,,80,,,,,,,,80,,,,,,77,,,,,,,55,,,,,,,,70,,60,,,,,,,,,,,,,,,,,60,,,,,,,,,,,,,,,,60,,,,,,,,,,,,,,,,,,
Assassin's Creed Valhalla: The Siege of Paris,242.,69,6.5,/game/pc/assassins-creed-valhalla-the-siege-of-paris/critic-reviews,,,,,,,,,,,,65,,74,,,,,,,,,,,,,40,,,,,,,78,,,,,,,,,,,,,,,,,,,,,,,,,,,,,,,,,50,,,,,80,,95,,,,,,,,,60,,,,,,,,,,,,,,,,,,,,70,,,75,,,,,,60,80,,,,,,,,,,,,,,,,,,,,,,,,,,,,,,,,,,,,,,,,,,63,,,70,71,85,,
Lawn Mowing Simulator,243.,69,5.0,/game/pc/lawn-mowing-simulator/critic-reviews,,,,,,,,,,,,,,,,,,,,,,,,,,,,,,,,,60,,,,,,,,,,,,,,,,,,,,,,,,,,,,,,,,,,,,,,,,,,,,,,,70,,,,,70,,,,,,,,,,,,,,,,,,,,,75,,,,,,80,,,,,,,,,,,,,,,,,,,,,,,,,,,,,,,,60,,,,,,,,,,,65,,,,,,,
Monster Energy Supercross - The Official Videogame 4,244.,69,tbd,/game/pc/monster-energy-supercross---the-official-videogame-4/critic-reviews,,,,,,,,,,,,70,,,,,,,,,70,,,,,,,,,,,,,,,,,,,,,,,,,,,,,,,,70,,,,,,,,80,,,,,,,,,,,,,,,80,,,,,,,60,,,,,,,,,,,,,,,,,,,,,,65,,,,70,70,70,65,,,,,,,,,,,,,,,,,,,,,,,,,,,,,,,,,,,,,,,,,,,,,,,,,,
Spacebase Startopia,245.,69,2.5,/game/pc/spacebase-startopia/critic-reviews,58,,,,,,,,,,,75,,,,80,,,,,,,70,,,,,,,,,,,,,,,,,,,,,,,,,,,,,,,,,,72,,,,,,,,,,,,,,,,,,,,,,,,,,,,,76,,,,,,,,,,,,,,,,65,,,,,,,,63,70,50,,,,,,,,,,,,,,,,,,,,,,,,,,86,,,,,,,,,,,,,,,,,70,,,70,,,,
Nanotale - Typing Chronicles,246.,68,tbd,/game/pc/nanotale---typing-chronicles/critic-reviews,,,,,,,,,,,,60,,,,,,,,,,70,,,,,,,,,,,,,,,,,,,,,,,,,,,,,,,,,,,,,,,,,,,,,,,,,,,,,,80,,,,,,,,,,,,,,,,,,75,,,,,,,,,,,,,,,65,,,,,,,,,,,,,,,,56,,,,,,,,85,,,,,,,,,,,,,,,,,,,,,,,,,,,,,
Demon Turf,247.,68,tbd,/game/pc/demon-turf/critic-reviews,,,,,,,,,,,,,,,,70,,,,,,,50,,,,,,,,,,,,,,,,,,,,,,,,,,,,,,,,,,,,,,,,,,,,,,,,,,,,,80,,70,,,,,,,,,,,,,,,,75,,,,,,,,,,,,,,,70,,,80,,,,,,,,,,,,,,,70,,,,,,,,,,,,,,,,,,,,,,,,,,,,,,,,,,,
King of Seas,248.,68,7.5,/game/pc/king-of-seas/critic-reviews,,,,,,,,,,,,,,,,,,,,,,,,,,,,,,,,,60,,,,,,,,,,,,,,,,,,,,70,,,,66,,,,,,,,,,,,,,,,,,,,,,,,,74,,,,,,,,,,,,,,,,,,,,,,,,72,,,,78,,70,,,,,,,,,,,,68,,,,50,60,,,,,65,,,,80,,,,,,,,,,,,,,,,,65,,,,67,,,
Conway: Disappearance at Dahlia View,249.,68,tbd,/game/pc/conway-disappearance-at-dahlia-view/critic-reviews,,,,,,,,,,,,,,,,,,,,,,,,,,,,,,,,60,70,,,,,,,,,,,,,,,,,,,,,70,90,,,,,,,,,,,,,,,,,,,,,,,,,80,,,,,,,,,,,,,,,,,,,,,,,,,,70,,,60,,,,,,,,,,,,,,,,,,,80,,,,,,,,,,,,,,,,60,,,,,,,,,,,,,55,,,,,
Astria Ascending,250.,68,6.0,/game/pc/astria-ascending/critic-reviews,,,,,,,,,,,90,,,85,,60,,,,,,,,,,,,,,,,,60,,,,,,,,,,,,,,,,80,,,,50,,,,,,,90,80,,,,,,,,,,,70,,,,75,,,,,,,60,,,63,,,,,,,65,,,,,,,,,,,,,75,,,70,,,80,,,,,,,,,76,,,,,,,,,,,,,80,,,,,50,,,,,,,,,,,40,,,,,,,,,,,70,
Recompile,251.,68,4.8,/game/pc/recompile/critic-reviews,,,,,,,,,,,65,,,87,,,,,,,,,,,,,,,,,,,70,,,,,,,,,,,,,,,,55,,,,,,,,,,,,,,,,,,,,,,,,,,90,,,50,,,,,60,,,,,,,,,,,,,,,,,,,60,,,65,60,,,65,,,65,,,,,,,,,,,,,,,,80,,,,60,,,,,,,90,,,,90,,,65,,,,,,,,,,,,,,,,
Chronicle of Innsmouth: Mountains of Madness,252.,68,7.6,/game/pc/chronicle-of-innsmouth-mountains-of-madness/critic-reviews,,60,,,,,,,,,,,,,,,,,,,,,,,,,,,,,,,,,,,,,,,75,,,,,,,,65,,,60,,,60,,,,,,,,,,,,,,,,,,,,,,,,,,,,,,,,,,,,,,,,,,,,,,,70,,,,,,,,,,,,,,,,,,,,,,70,,,,,,,,,,,,,,80,,,,,,,,,,,,,,,,,,,,,,,,
Battlefield 2042,253.,68,2.1,/game/pc/battlefield-2042/critic-reviews,,,,,,,80,40,,,,,60,90,,80,,,,,,,,75,,,90,,,100,70,,80,75,,,80,,,70,,,65,,,,60,,,45,,,60,40,,70,71,70,80,,50,55,40,70,,87,,,40,70,75,65,,,40,,40,70,60,,84,,70,,,,,70,,,,85,90,,,,40,60,,,,78,65,,80,78,60,66,90,80,70,70,70,60,,80,,75,85,,,,,,40,,,,50,,,,75,83,45,,,90,,,,,40,60,,80,,90,,60,,70,60,,,50,80,70,,,,
Sniper Elite VR,254.,68,7.3,/game/pc/sniper-elite-vr/critic-reviews,63,,,,,,,,,,,,60,,,,,,,,,,,,85,,,,,,,,,,,,,,80,,,,,,,,,,80,,,,,,60,,61,,,60,,,,,,,,,,,,70,,90,,60,,,,70,,,60,,,,,,,78,,,,,,,,,,,,,,,,,60,,85,,,60,,,,,,,,,,,,,,50,,,,,,,,,,,,,,,,,,,,,,,80,,,,,,,,,,70,,,
Bright Memory: Infinite,255.,68,7.3,/game/pc/bright-memory-infinite/critic-reviews,,,,,,,,50,,,,,,,,60,,,,,,70,60,,,,,,,,,,,75,80,,,70,,,,70,,,,,,,80,80,,,50,70,,60,74,,,55,,,,,,,,,,,,70,80,70,,,,,,,,,,,,,70,,,,,,,65,,,,,,,,70,,,,70,60,65,80,,,65,,,,,,,60,,,,,,,,,,,,,,,,70,,,,,,,,,50,,,,,,,,68,,,,,85,,65,,,
Shattered - Tale of the Forgotten King,256.,68,tbd,/game/pc/shattered---tale-of-the-forgotten-king/critic-reviews,79,,,,,,,,,,,80,,,,60,,,,,,,,,,,,,,,,,,,,,,,,,,,,,,,,,,,,,,,,,,,,,,,,,,,,,,,,,,,,,,,,,,,,,,,,,,,,,70,,,,,,,,,,,,,,,,,,,65,,,,,75,,,,65,,,,,,,,,,,,,,,,,,70,,,,50,50,,,,,,,,,,,,,,,,,,
Edge Of Eternity,257.,67,7.6,/game/pc/edge-of-eternity/critic-reviews,79,,,,,,,,,,,70,,64,,,,,,,,,,,,,,,,,,50,,,,,,,,,,,,,,,,,,,,,,90,,,70,,,,,,,,,,,,,,,,,,,,,70,,80,,,,,,,,,,,,,70,,,,,,,,,,,,,60,,,60,,,75,,,,,,,,,,,,,,,,50,,,,,,,,,,,,,,,,70,,,,,,,,,,,65,,,,,,75,
Disjunction,258.,67,tbd,/game/pc/disjunction/critic-reviews,,,,,,,,,,,,70,,,,,,,,,,,,,,,,,35,60,,,,,,,,,,,,,,,,,70,,,,,,70,,,,,,,,70,,,,,,,,,,,,,65,,,,,,,,,,,50,,,,,70,,,,,,,,,,,,,,,,,,,80,72,80,,,,,,,,,,,,,,60,,,80,,,,,,,,,,,80,,,,,,,,,,,,,,,,,,,,,,,
Alfred Hitchcock: Vertigo,259.,67,7.7,/game/pc/alfred-hitchcock-vertigo/critic-reviews,,50,,,,,,,,,,,,,,,,,,,,,,,,,,,,,,,,50,,,,,,,,,,,,,,,,,,,,,,,,,,,,,,,,,,,,,,,,,,,,,,,,,,,,,,,,82,,76,65,,,,,,,,,,,,75,,,,,,,,,,,,,,,,,,,,,,75,,,,,,,,,,,,,,,,,,,,,,,,,,,,65,,,,,,,
Say No! More,260.,67,6.0,/game/pc/say-no!-more/critic-reviews,76,,,,,,,,,,,,,,,,,,60,75,,,,,,,,,,,,40,,,,,,,,,,,,,,,,,80,80,,,,,,,,,,,,,,,,,,,,,67,,,,,,,70,,,,76,,,,,,,,,,,,,,,,,,,,,,,,,,,80,,50,80,,,,,,,,,,,,,,,,,,,,,80,,,,,80,60,,,,,,,,,,,,,,,,,,,,,,,
Alex Kidd in Miracle World DX,261.,67,7.8,/game/pc/alex-kidd-in-miracle-world-dx/critic-reviews,,,,,75,80,,,,,,70,,,,,,,,80,,,,,,,,,,,,,,,,,,,,,,,,,,,,,,,,,,,,,,,,,,,,,,,,,,,,,,,,,,,,,,,,,,,,,,,,,60,,,,77,,,,,,,,,,,,,,,55,,,,,,,,,,,,68,,,,,,,,,,,,,,,,,,,,30,77,,,,,,,,,,,,,,,,,
The Gunk,262.,67,5.3,/game/pc/the-gunk/critic-reviews,,,,50,,,,,,,,,,,,70,,,,,,,,,,,,,,,,,,,,,,,,,,,,,,,,,,,,,,,,,72,,,,,,,,,,,,,60,,,,,,,,70,,,,,70,,,,,,,,,,65,,,,,,,,,,,,,,,67,,,70,80,,,,,,,,,,,,,,,75,,,,,,75,,,,,,,,,,40,,,70,,,,,,,,,62,,,,75,,,
Nerve,263.,67,tbd,/game/pc/nerve/critic-reviews,,,,,,,70,,,,,,,,,,,,,,60,,,,,,,,,,,,,,,,,,,,,,,,,,,,,,,,,,,,,,,,,,,,,,,,,,,,,,,,,70,,80,,,,,,,,,,,,,,,,,,,,,,,,,,,,65,,,,,,,,,75,,,,,,,,,,,50,,,,,,,,,,,,,,,,,,,,,,,,,,,,,,,,,,
Siege Survival: Gloria Victis,264.,67,6.0,/game/pc/siege-survival-gloria-victis/critic-reviews,,,,,,,,,,,,65,,63,,,,,,,,,,,,,,50,,,,,,,,,,,,70,,,,,,71,,,,,,,,,,,,,,,,,,,,,80,,,,,,,,,,,,,70,,,,,,75,,,,,,,,,,,,,,,,,65,,,77,,,,,,50,,,,,,,,,,,,,,,,,,,,,,,,,,,,,,,,,,,,,,,,,,,,,,,,,,
City of Gangsters,265.,67,6.8,/game/pc/city-of-gangsters/critic-reviews,,,,,,,,75,,,,60,,70,,,,,,,,,50,,,,,,,,,,,,,,,,,,,,,,,,,,,,,,,,,,,,,,,,,75,,,,,,,,,,,,,,,,70,,90,,,,,,,,,,,,,,,,,,,,,,,,62,,,,,,,,,,,,,,,,,,,,,,,,,,,,,,,,,,,,,,,,,,,,,,,,,,,,,,,,
Into the Pit,266.,67,3.5,/game/pc/into-the-pit/critic-reviews,,,,,,,,,,,,,,67,,,,,,,,,,,,,,,,,,,,,,,,,,,,,,,,,,,65,,,,60,,,,,,,,,,,,,,,,,,,,,,,,,80,,,,,,,,,,,,,,,,,,,,,,,,,,,,68,,,65,,,65,,,,,,,,,,,,,,,,60,,,,,,,,,,,70,,,,,,,,,,,,,,,,,,,,,,,
Biomutant,267.,67,6.3,/game/pc/biomutant/critic-reviews,59,,,,65,,90,,,,,,,,70,,,,,,,70,80,,,,,,,,,60,,,,,,90,,75,,,,,95,79,,,,85,,60,70,95,,60,68,65,,,,60,40,,,,70,,,60,42,,,75,60,70,,80,,,70,,60,,,79,,80,,60,,,75,,,,,60,68,75,,,,,,75,60,,90,60,50,45,50,60,70,,,,,20,,,,77,59,,,70,80,80,,,,65,,,,60,70,,,,,,,75,,,,,40,45,60,,70,90,,,85,,,
WE ARE FOOTBALL,268.,67,5.5,/game/pc/we-are-football/critic-reviews,,,,,,,,,,,,,,,,,,,,,,,,,,,,,,,,,,65,60,,,,,,,,,,,,,,,,,,,,,,72,,,,,,,,,,,,,,,,,,,75,,,,,,,,,,70,,,,,,,,,,,,,68,,,,,,,60,,,,,60,60,,,,,,,,,,,,,,,,,,,,,75,65,,,,63,,,,,,,,,,,,,,,,,,,,,,,,
Encodya,269.,66,7.8,/game/pc/encodya/critic-reviews,70,80,,,,,,,,,,65,,,,,,,60,,,,,,,,,,,,,,,,,,,,,,,,,,,,,,,70,,,,,,,,,,,,,,,,,,,,,,,,,,,,,,,,,,,,75,,,,80,,,,,,,,,,,,,,,,80,,,,,,,,,,,,,,,70,,,70,49,,,,60,,,,,,,,50,75,,,,,70,50,,,,,,,,,,,,,,,,,,
Maneater: Truth Quest,270.,66,4.0,/game/pc/maneater-truth-quest/critic-reviews,,,,,,,,,,,,,,,,,,,,,,,,,,,,,,,,,,,,,,,,,,,,,,,,,,,,,70,,,,,,,,,,,,,,,,,,75,,,,,,,60,,70,,,60,,,,,,,,,,,,,,,,,,,,,,,,,,80,,,,,,,,,,,,,,,,,,,60,,,,,,,,,,,,,,,,,,,,,,,,,,,,,,,,,,
The Magnificent Trufflepigs,271.,66,5.0,/game/pc/the-magnificent-trufflepigs/critic-reviews,,50,,,,,,,,,,,,,,,,70,,,,,,,,,,,,,,60,70,,,,,,,,,,,,,,,,55,,,,,,70,,,,,,,,,,,,,,,,,,,,,80,,,,80,,,,,,,,,,,,,,68,,,,,,,,60,,,,,,,,,,65,,,,,75,,,,,,,,,,,60,80,,,,50,,,,,,50,,,,,60,,,,90,,,,70,,,,,,,,,,
JETT: The Far Shore,272.,66,6.1,/game/pc/jett-the-far-shore/critic-reviews,,,,,,,,,,,,,,,,40,,,,,,,,,,,,,,,,,,,,,,,,,,68,,,,,,,,,,,,,,,,,80,,,,,,,,,,,,,,,,,,,,,,,,,,,,,,,,,,,,,,,,,,,,55,,,50,,,,70,,80,,,,,,,,,,,,,,,,,,,,,,,,,,58,,,,,,,,,,,,,,,,,,,,,,,,
Immortals Fenyx Rising: Myths of the Eastern Realm,273.,65,5.8,/game/pc/immortals-fenyx-rising-myths-of-the-eastern-realm/critic-reviews,,,,,,,,,,,,,,,,,,,,,,,,,80,,,,,,,,,78,,,,,,,,,,,,,,,,,,,80,60,,50,,,,,,,,,,,,,,,,,,90,,,,,,,,,60,,,,,,,,,,70,,,,,,,,,,,,,75,,,,,,50,,,,,,,,,,,,,,,,,,,,,,,,,,,,,,,60,,60,,,,,,,,,,60,,,,70,,,
Stronghold: Warlords,274.,65,6.4,/game/pc/stronghold-warlords/critic-reviews,65,,,,,,,,70,,,65,,,,,,,,60,,,,,,,,,,,,,80,,,,,,,70,,,,,,,,,,,,,70,,,,72,80,,,,,60,,,,40,,,,,,,,,,,,,,,,70,,,68,,,,,,,65,80,20,,,,,,,,,,,80,,64,,67,60,,70,,,,,,,,,,,,,,,70,,,,,,60,,,,,70,,,,80,70,,,,,,,,,,,70,,,,,,,
Zool Redimensioned,275.,65,7.6,/game/pc/zool-redimensioned/critic-reviews,,,,,,,,,,,,,,,,,,,70,,,,70,,,,,,,,,,,,60,,,,,,,,,,,,,,65,,,,,,70,,,,,,,,,,,,,,,,,,,,,,,,,60,,,,,,,,,,,,,,80,,,,,,,,,,,,70,40,,,,,60,,,,,,,,,,,,,,,,,,,,,,,,,,,,,,,,,,,,,,,,,,,,,,,70,,,
Thunder Tier One,276.,65,6.0,/game/pc/thunder-tier-one/critic-reviews,,,,,,,,,,,,,,,,,,,,,,,,80,75,,,,,,,,,,,,,,,,,,,,,,,,,,,,,,,,,,,,,,,,,,,,,,,,,,,,,,,,,,,,,,,,,,,,65,,,,,,,,,,70,,,,60,,,,30,,,,,,,,,,,,,,71,,,60,,,,,,,,,,72,,,,,,,,,,,,,,,,,,,,,,,,
Rustler,277.,65,5.7,/game/pc/rustler/critic-reviews,,,,,,,,,,,,60,,68,,,,,,,,,,,50,,,,,,,,,68,,,,,,,,,,,,,,,,,,60,,,,,65,,,,80,,,,,,,,,,,,,,,,,,,,,,,,,,,,,80,,,60,,,,,,,,,,,,,78,,,,,50,,,,60,,,,,,,,,,,,,,,,,,,,,,,,70,,,,,,,,,,,,,,,,,,,,,,,
Firegirl: Hack 'n Splash Rescue,278.,65,tbd,/game/pc/firegirl-hack-n-splash-rescue/critic-reviews,,,,,,,,,,,,,,65,,,,,,,,,60,,,,,,,,,,,,50,,,,,,,,,,,,,,,85,,,,,60,,,,,,,,,,,,,,,,,,,,,,,60,,,,,,,,,,,,,,,,,,,,,,,,,,,,,,,65,,,,,,,,,,,,,,,,,,,80,,,,,,,,,,,,,,,,,,,,,,,,67,,,,,,,,,,
Moonglow Bay,279.,65,tbd,/game/pc/moonglow-bay/critic-reviews,,,,,,,,,,,,,,,,,,,,85,,,,,70,,,,,,,50,,,,,,,,,,,,,,,,,,,,,,,,,,,,,,,,,,,,,,,,,,,,75,,,,,,,,,,,,,,,,,,,,,,,,,,,,,,,,,,,,,,,,,,,,,,,70,,,,,,,,,,,,,,,,60,,,,,,,,,70,,,,70,,,,,,,,,,
Redout: Space Assault,280.,65,3.4,/game/pc/redout-space-assault/critic-reviews,,,,,,,,,,,,40,,,,,,,,,,,,,,,,,,,,,80,,,,,,,,,,,,,,,60,75,,,,,,,,,,,,,,,,,,,,,,,,,,,,,,,,,,,,,,,,,,,,,,,,,,,,,54,,,,,,,55,,,60,,,,,,,,,,,,,,,,,,,,,70,,,,,78,,,,,,,,,,,,,,,,,,,,,,,85,
Aragami 2,281.,65,5.5,/game/pc/aragami-2/critic-reviews,,,,,70,,,,55,,,,,,,,,,,,,,,,,,,,,,,,,75,,,,,,,,,,,,,,,,90,,,60,,,,59,,,,70,,,,,,,,,,,,80,40,,,,60,,,,,50,,,,,,,,,,70,,,,,,,,,,78,,,80,,,,,,55,,,,,,,,,,,,60,,,,,,,,,,,,,,,,,,,60,70,,,,,,,,,,,75,,,70,,,,
Warhammer Age of Sigmar: Storm Ground,282.,64,4.6,/game/pc/warhammer-age-of-sigmar-storm-ground/critic-reviews,66,,,,,,,,,,,,,84,,80,,,,70,,,,,,,,,,,,,,,,,,,,,,,,,,,,,,,,,60,,,,,,,,,,,,,,,,,,,,,,,,,,,,,,50,,,,,,,,,,,,,,,,,,,60,,,75,,,,,59,60,,70,,,,,,,,,,,,,,,60,,,,,,,,,,80,,,,,,,,,,,,,,,,,,,,,,,,
Stonefly,283.,64,tbd,/game/pc/stonefly/critic-reviews,,,,,,,,,,,,70,,74,,,,,,,,,,,,,,,,,,,,,,,,60,,,,,,,,,,,,,,,,80,,40,,,,,,,,,,,,,,,,,,,,,,60,,,,,,,,,,,,,,,65,,,,,,,,,,,,,,,,90,71,70,,,,,,,,,,,,,,,,,,,,,,,,,,,,60,,,,,,,,,,,,,50,,,,,,,,,,
King's Bounty II,284.,64,4.7,/game/pc/kings-bounty-ii/critic-reviews,,,,,,,,80,65,,,75,,71,,60,,,40,40,,,,,,,,,,,,,,50,,,80,,,60,,,,,,,,,60,65,,50,,65,,,80,45,,70,,,40,90,,,50,,,,,74,,,,,,,60,80,,,60,,,69,,,,88,,,70,,,,,,75,,,,,,65,80,,49,,59,70,65,60,,60,,58,,,,,,,84,60,,,,,,,,,68,,,,70,,,,,,,,,,,,,,,,,,,50,,,,60,
Shadow Man: Remastered,285.,64,7.5,/game/pc/shadow-man-remastered/critic-reviews,60,,,,,,,,,,,65,,,,,,,50,,,,75,,,,,,,,,,,,,,,,,,,,,,,,,,70,,,,,,,,,,,,,,,,,,,,,,,,,,,,,,,,,,,,,,,,,,,,55,75,,,,,,,,,,,,70,,,55,,,,,,,,,,,,,,,,,,,,,,,,,,,,,,,,,,60,,,,,,,,,,,,,,40,,,,90,
Red Solstice 2: Survivors,286.,64,5.6,/game/pc/red-solstice-2-survivors/critic-reviews,,,,,,,,,,,,,,65,,60,,,,60,,,,,,,,,,,,,70,,,,,,,,,,,,,,,,65,,,,,,,,,,,,,,,,,,,,,,,,,70,,60,,,,,,,,,,64,,,,,,,70,,,,,,,,,,,,,72,,,,,,,,,50,,,,,,,,,,,,,,,,,,,73,,,,72,,,,,50,60,,,,,,,,,,,65,,,,,,,
An Airport for Aliens Currently Run by Dogs,287.,64,tbd,/game/pc/an-airport-for-aliens-currently-run-by-dogs/critic-reviews,,70,,,,,,,,,,,,,,,,,,,,,,,,,,,,,,60,,,,,,,,,,,,,,,,,65,,,,50,,,,,,,,,,,,,,,,,,,,,,,,60,,,,,,,,,,,,,,,,,80,,,,,,,,,,,,,,,,,,,,,,,,,,,,,,,,,,,,,,,,,,,,,70,,,,,70,,,,,,,,,,,,,,,,,,
Nickelodeon All-Star Brawl,288.,63,6.8,/game/pc/nickelodeon-all-star-brawl/critic-reviews,,,,,,,,,,,,,,,,,,,,,,40,,,,,,,,,,,,,,,,,,,,,,,,,,,,,,,70,,,,,,,,,,,50,,,,,,,,,,,,,,,,,,,70,,,,,,,,,,70,,,,70,,,,,,,,,,,,,,,,,,,,,,,,,,,,,,,,60,,,,,,,,,,,,,,,,,,,,,,,,,,,,,,,,,
INDUSTRIA,289.,63,6.2,/game/pc/industria/critic-reviews,,,,,,,,,,,,,,,,,,,,,,,,,,,,,,,,,,,,,,,,,,,,,,,,,,75,,40,,,,,64,,,,,,,,,,,,,,,,,,,,,,,,,,,,,,,,,,,,,,,,,,,,,,,,,,,,,,,70,,,,,,,,,,,,65,,,,,,,,,,,,,,,,,,,,,,65,,,,,,60,,,,,,,,,,
SkateBIRD,290.,63,4.2,/game/pc/skatebird/critic-reviews,,,,,,,,,,,,,,,,70,,,,,,,60,,,,,,,,,,,,,,,,,,,,,,,,,,,,,,,,,,,,,,,,,,,,,,,,,,,,,75,,,,,,,,,,,,,,,,,,,,,,,,,,,,50,,,,,60,,,60,,,,,,,,,,,,,,,,,50,,,,,65,,,,,80,60,,,60,60,,,,,,,,,,,,,80,,75,,,
Hood: Outlaws & Legends,291.,62,3.7,/game/pc/hood-outlaws-legends/critic-reviews,71,,,,,,,,,,,70,,,,70,,,,,,70,,,,,,,,,,50,50,65,,,,,,,,,,,,,,,,,,,60,,,,,,,,,,,,,,,,,,,,,,60,,,60,,,,,,,,,,,,,,60,,,,,,,,70,50,,,,40,70,,63,60,68,60,,,,,,,,,,,,,,,,,,,,,,,,,,,75,,,,,,,,,,,,,,,,,,,,,69,,,
Don't Forget Me,292.,62,tbd,/game/pc/dont-forget-me/critic-reviews,,50,,,,,,,,,,,,,,,,,,,,,,,,,,,,,,,,,,,,,,,,,,,,,,,,,,,,,,,,,,,,,,,,,,,,,,,,,,,,,,,,,,,,,,,,,,,,,,,,,,,,56,,,,,,50,,,,,,,,,58,,,,,,,,,,,,,60,,,,,,,,,85,,,,,,,,,,,,,,,,,,80,,,,,
The Good Life,293.,62,5.7,/game/pc/the-good-life/critic-reviews,,,,,,,,,,,,,,,,50,,,,,,,60,,,,,,,,,50,,,,,,,,,,70,,,,,,,70,,,,,,,60,,,,,,,,,,,60,,,,,,,80,,50,,50,,,,,,,,58,,,,,,,,,,,,,,,,,,,,,,,60,79,,50,,,,,,,,,75,,,,59,,,,,,,,,,,,,,50,,,,,70,,,,,,,,,,,70,,,,,,,
Monster Rancher 1 & 2 DX,294.,61,7.5,/game/pc/monster-rancher-1-2-dx/critic-reviews,,,,,,,,,,,,,,,,60,,,,,,,,,85,,,,,,,,60,,,,,,,,,,,,,,,,,,,,,,,,,,,,,,,,,,,,,,,,,,,,,70,,60,,,,,,,,,,,,,,,,,,,,,,,,,,,20,,,,,,,,,,,,,,,,,,,,,,,,,,,,,,,,,,75,,,,,,,,,,,,,,,,,,,,,
Lost Ruins,295.,61,8.3,/game/pc/lost-ruins/critic-reviews,,,,,,,,,,,,,,,,50,,,,,,,,,,,,,,,,,,50,,,,,,,,,,,,,,,,,70,,,,,,,,,,,,,,,,,,,,,,,,,,,,,70,,,,,,,,,,,,,,65,,,,,,,,,,,,,,,65,,,60,,,,,,,,,,,,,,,,,,,,,,,,,,,,,,,,,,,,,,,,,,,,,,,,,,
Necromunda: Hired Gun,296.,61,6.3,/game/pc/necromunda-hired-gun/critic-reviews,60,,,,,,60,,,,,60,,70,,50,,,,,,,,,,,,,,,,,60,55,,,,,,,,,,,,69,,,65,,,,60,,,,70,50,,,,,,,,,80,,,,,,,,,,,,,,,60,50,,,59,,,,,,,50,,,,,,65,,,,,,60,55,,53,,48,,75,60,,80,,,,,60,,,,,62,,,,,,,,,53,,,,78,,,,,,70,,,,,,60,,85,,,,,,,,,,
Lust from Beyond,297.,61,6.8,/game/pc/lust-from-beyond/critic-reviews,,60,,,,,,69,,,,70,,69,,20,,,50,,,60,,,,,,,,,,,60,,,,,,,,,,,,,,,,,,70,40,,,,,,,,,,,,,,,,,,,,,,,,,,,,,65,,,,,,,,,68,,,,45,,,,,,,75,,,,,70,,,70,,,,,,,,,,,,,,,,,,,,,,,,,69,,,,74,,,,,,,,,,,,,,,,,,,,,,,,
Ashwalkers: A Survival Journey,298.,61,tbd,/game/pc/ashwalkers-a-survival-journey/critic-reviews,36,,,,,,,,,,,75,,60,,,,,,,,,,,,,,,,,,40,70,,,,,,,,,,,,,,,,70,50,,,80,,,,,,,,50,,,,,,,,,,,80,,65,,90,,,,80,,70,,,,,,,,56,,,,,,,,,,,,,,,,,,50,70,,,45,,,,,,,,,,,,,52,,,60,70,,,,75,,,,,,60,,,,,60,,,,,,,,,,,,,,,80,,75,
Sheltered 2,299.,60,tbd,/game/pc/sheltered-2/critic-reviews,,,,,,,,,,,,,,68,,70,,,,,,,,,,,,60,,,,,,60,,,,,,,,,,,,,,,,,,,,,,,,,,,,,,,,,,,,,,,,,,,,,,50,,,,,50,,,,,,,,,,,,,,,,,,,,,,60,,,,,,,,,,,,,,,,,,,,,70,,,,,,,,,,75,40,,,,,,,,,,,,,,,,,,,,,,,
Cyanide & Happiness - Freakpocalypse,300.,60,tbd,/game/pc/cyanide-happiness---freakpocalypse/critic-reviews,,,,,,,,,60,,,,,,,,,,,,70,,,,,,,,,,,,,,,,,,,,,,,,,,,,,,50,60,,,,,,,,,,,,,,,50,,,,,,,,,,,,,,,82,50,,,,,,,78,,,55,80,,,,,,,,,,,,,,,,,,,,,,,,,,,60,,,60,,,,30,70,,,,,,,,,76,50,,,,,,,,,,,,,,,,,,,,,,,
Warhammer Age of Sigmar: Tempestfall,301.,60,tbd,/game/pc/warhammer-age-of-sigmar-tempestfall/critic-reviews,,,,,,,,,,,,,,,,,,,,,,,,,,,,,,,,,,,,,,,60,,,,,,,,,,,,,,,,,,,,,,,,,,,,,,,,,,,75,,,,,,50,,,,,,,,,,,,,,,,,,,,,,,,,,,,,,,,,,,,,,,,,,,,,,40,70,,,,,,,,,,,75,,,,,,,,,,,40,,,,,,,,,,67,,,
THE SHORE,302.,59,5.9,/game/pc/the-shore/critic-reviews,,,,,,,,,,72,,50,,,,,,70,,,,,,,,,,,,,,,60,,,,,,,,,,,,,,,,,,,,,,,,,,,,,,,,,,,,,,,,,,,,,,,,,,,,,,,,,,,,,,,,,,,,,55,,,,,,,,,,60,,,,,,,,,,,,,,,,40,,,,,,,,,,,,,,,,,,,,,,,,,,,,,,,,,,
TASOMACHI: Behind the Twilight,303.,59,tbd,/game/pc/tasomachi-behind-the-twilight/critic-reviews,,,,,,,,,,,,,,47,,,,,,,,60,,,,,,,,,,60,60,,50,,,,,,,,,,,,,,55,55,,,,,,,,,,,,,,,,,,,,,,70,,60,,,,,,,,,,,,,,,,,,,,75,,,,,,,,,,,,,,,65,,,80,,,,,25,,,,,,,,,,,60,,80,,,,,,,,,,,,,50,,,,,,,,,,,,,,,,55,,,
Blightbound,304.,59,tbd,/game/pc/blightbound/critic-reviews,,,,,,,,,,,,,,66,,50,,,,,,,,,,,,,,,,,,,,,,,,,,,,,,,,,,60,,,,,,,,,,70,,,,,,,,,,,,,,,,,,,,,,80,,,50,,,,,,,,,,,,,,,,,,,,,,60,,40,,50,,,,,,,,,,,,,,,,,60,,,,,,,,,,,,,,,,,,,,,,,,,,,,,,,,,,
Forgotten Fields,305.,59,tbd,/game/pc/forgotten-fields/critic-reviews,,,,,,,,,,,,,,,,,,,,,,,,,,,,,,,,,,,60,,,,,,,,,,,,,,30,,,,60,,50,,,,,,,,,,,,,,,,,,,,,,,,,60,,,,,,,,,,,,,,70,,,,,,,,,,,,,,68,,,,,,,,,,,,,,,,,,,,,,,,,,,,,,,70,,,,,,,,,,,,,,,,,,,,,,,
Black Legend,306.,58,tbd,/game/pc/black-legend/critic-reviews,60,,,,,,,,,,,,,48,,,,,,,,,,,,,,,,,,,,,,,,,,,,,,,,,,,,,,,,,,,,75,,,,,,,,,60,,,,,,,,,,,,,,,,,,,50,,,,,,,,,,,,,,,,,,,,,,,,,,,,,,,,,,,,,,68,50,,,,,,,,60,,,,,,,,,,,,,,,,,,,,,,,,,,,,,
Paradise Lost,307.,58,6.8,/game/pc/paradise-lost/critic-reviews,52,70,,,,,,,,,,65,,,,,,,,,,,,,,,,,,,,50,,,,,,,,,,,,,,,,,,,,50,,,,,,,,,,,,,,,,,,,,,,,,,,,,,,,50,,,,,,,,,,,,,,,,,,,60,,,,60,,64,70,,,,,,,,,,,,,,,,,,,80,,,,,,,,,,,,,,,,,,,,,,,,60,,,,,,,,,,
Werewolf: The Apocalypse - Earthblood,308.,56,4.6,/game/pc/werewolf-the-apocalypse---earthblood/critic-reviews,,,,,,,,,,,,,,80,,,,,,,,,,,,,,,,,,,60,,,,,,,,,,60,,,46,,55,,,50,,,70,,,60,65,,,,,,70,,,50,60,,,,65,,45,,,,40,,,,80,40,,,66,,,,,,,35,50,,,,,,65,,,,,55,,,,,79,50,40,40,,,,,,,,,,,,,,,,,,,,,,,,,52,50,,,,40,,,,,,,,,,,,63,,,,,,,
Monster Jam Steel Titans 2,309.,56,tbd,/game/pc/monster-jam-steel-titans-2/critic-reviews,59,,,,,,,,,,,,,,,,,,,,,,,,,,,,,,,,,,,,,,,,,,,,,,,,,,,,,,,,,,,,,,,,,,70,,,,,,,,,,,,,,,,50,,,,,,,30,,,,,60,,,,,,,,,,,65,,,,,,,,,,,,,,,,,,63,,,,,,,,,,,,,,,,,,,,,,,,,,,,,,,,,,,,,,
Elite: Dangerous - Odyssey,310.,55,3.5,/game/pc/elite-dangerous---odyssey/critic-reviews,,,,,60,,50,,,,90,55,,,,,,,60,,,,,,,,,,,,,,70,,,,,,,,,,,,,,,,,55,,,,,,,35,,,,,,,,,,,,,,,,,,,,,,,,,,,,,,,,,,,,80,,,,,,,,,,,,,84,,,,,,,,,40,,,,,,,,,,,,,10,,,,,,,,,,,,,,,,50,,,,,,,,,,,,,,,,,,
Foreclosed,311.,53,tbd,/game/pc/foreclosed/critic-reviews,,,,,,,,,,,,45,,,,,,,,,,,,,,,,,,,,,,,,,,,,,,,,,,,,,,,,,,,,,,,,,40,,,,,,30,,,,,,,,,,,,,,,,,,,,,,,,,,55,,,,,,,,,,,,,70,,,70,,,60,,,,,,,,,,,,,41,,,,50,,,,,,,,,78,,,,,,,,,,,,,,,,,60,,,,,,,
Buildings Have Feelings Too!,312.,53,tbd,/game/pc/buildings-have-feelings-too!/critic-reviews,,,,,,,,,,,,,,,,,,,,30,,,,,,,,,,,,,,,,,,,,,,,,,,,,,,,,,,,,,,,,,,,,,,,,,,,,,,,,,,,,60,,,,,,,,,,,,,,,,,,,,,,,,,,75,,,,,50,20,,,60,,,,,,,,,,,,,50,,,,,,,,,,,,,,,,60,,,,,,,,,,,,,,70,,,,
Dungeons & Dragons: Dark Alliance,313.,53,3.2,/game/pc/dungeons-dragons-dark-alliance/critic-reviews,52,,,,,,70,,,,,60,,,,50,,,,,,,40,,,,,,,,,,80,,,,60,70,,,,,,,,,,,,,,,,,,,58,,30,,,,,,,,40,,,,42,,30,60,,70,,,,,,,,,50,70,,,,,,,55,50,,,,,,,30,50,,,70,66,40,40,,82,40,35,50,,,,,,,,,,,,33,,,30,70,,,,,,,,,65,,,,,40,,,,,,,,,60,,,69,,,60,,,,
AWAY: The Survival Series,314.,52,7.6,/game/pc/away-the-survival-series/critic-reviews,,,,,,,,,,,,,,,,40,,,,,,,,,,,,,,,,,,,,,,,,,,,,,,,,,,,,,,,,,,,,65,,,,,,,,,,,,65,,,,,,,,,,,,,,,,,,,,,,,,,,,,,,,,,,50,,,,,,30,,,,,,,,,,,,,,,,,,,,,,,,,,,,,,,,,,,,,,,,,,,55,,60,,,,,
Grand Theft Auto: The Trilogy - The Definitive Edition,315.,49,0.6,/game/pc/grand-theft-auto-the-trilogy---the-definitive-edition/critic-reviews,,,,,,,,,,,,,,,,,,,,,,,,,,,,,,,,,,,,,,,,55,,,,,,,,,,,,,,50,,40,58,,,,,,,,,,,,,,,,,,,,,,,,,,,,,,,,,,,,,,,,,,,,,,,,,,,,,,,50,,,30,,,,,,,,,,,,,,,,,,,,,,,63,,,,,,,,,,,,,,,,,,,,,50,,,
Demon Skin,316.,48,7.4,/game/pc/demon-skin/critic-reviews,,,,,,,,,,,,,,40,,,,,,,,,,,,,,,,,,,60,,50,,,,,,,,,,,68,,,40,,,,,,,,,,,,30,,,,,,,,,,,,,,,50,,,,,,,,,,,,,,,,,,,,,,,,,,,,,,,,,,,,,,,,,,,,,,,,,45,,,,,,,,,,,,,,,,,,,,,,,,,,,,,,35,,70,,,,,
Arkham Horror: Mother's Embrace,317.,48,6.0,/game/pc/arkham-horror-mothers-embrace/critic-reviews,39,,,,,,,,,,60,45,,,,,,,,,,,,,,,,,,,,,,,,,,,,,,,,,,,,,,,,,,,,,,,,,,,,,,,,,,,,,,,,,,,,,,,50,,,,,,,,,,,,,,,,,,,,,,,,,,,,,45,,,,,,,,,,,,,,,,,,,,,,,,,,,50,,,,,50,,,,,,,,,,,,,,,,,,
Of Bird and Cage,318.,44,7.0,/game/pc/of-bird-and-cage/critic-reviews,,,,,,,,,,,,30,,,,30,,,,,,,,,,,,,,,,,,,,,,,,,,,,,,,,,40,,,,,,,,,,,,50,,,,,,,,,,,,,,,,,,,70,,40,,,,,,,,,,,,20,,,,,,,,,,,,30,,,,,,,,,,,50,,,,,,,,,,,20,,,,,60,,,,,,45,,,,,,,,,,,,,,85,,,,,,,,,
Balan Wonderworld,319.,38,6.5,/game/pc/balan-wonderworld/critic-reviews,,,,,,65,,,,,,45,20,,,,,,,,,,,,,,,,,,,,,,,,,,,,,,,,,,,,,,,,30,,,,,,,,,,,,,,,20,,,,,,,30,,,,20,,,,40,,,,,,,,,,,,,,,,,,,,45,,,,,,,,,60,,,,,,,,,,,,,,,,,,,,,,,,,,,,,,,,,62,,,,,,,,,,,,,,,,,
eFootball 2022,320.,25,1.4,/game/pc/efootball-2022/critic-reviews,,,,,,,,,,,,,,,,,,,,,,,,,,,,,,,,,,,,,,,,,,,,,,,,,,30,,,,,,,28,,,,,,20,,,,,,,,,,,,,,,,,,,,,,,,,,,,,,,,,,,,,,,,,,,,,,,30,20,,,,,,,,,,,,,,,,,10,,,,,,,,,,,,,,,,,,30,,,,,,,,,,,,,,,,
